FL_DATE,OP_CARRIER,OP_CARRIER_FL_NUM,ORIGIN,DEST,CRS_DEP_TIME,DEP_TIME,DEP_DELAY,TAXI_OUT,WHEELS_OFF,WHEELS_ON,TAXI_IN,CRS_ARR_TIME,ARR_TIME,ARR_DELAY,CRS_ELAPSED_TIME,ACTUAL_ELAPSED_TIME,AIR_TIME,FLIGHTS,MONTH,DAY_OF_MONTH,DAY_OF_WEEK,ORIGIN_INDEX,DEST_INDEX,O_TEMP,O_PRCP,O_WSPD,D_TEMP,D_PRCP,D_WSPD,O_LATITUDE,O_LONGITUDE,D_LATITUDE,D_LONGITUDE
2024-07-11 00:00:00,DL,1079.0,ATL,BDL,2024-07-11 19:53:00,2024-07-11 19:58:00,5.0,13.0,2024-07-11 20:11:00,2024-07-11 22:06:00,4.0,2024-07-11 22:15:00,2024-07-11 22:10:00,-5.0,142.0,132.0,115.0,1.0,7,11,4,20,26,32.2,0.0,11.2,30.6,0.0,14.8,33.64044,-84.42694,41.93887,-72.68323
2024-08-28 00:00:00,DL,928.0,SEA,ANC,2024-08-28 13:30:00,2024-08-28 13:24:00,-6.0,21.0,2024-08-28 13:45:00,2024-08-28 15:57:00,4.0,2024-08-28 16:12:00,2024-08-28 16:01:00,-11.0,222.0,217.0,192.0,1.0,8,28,3,277,17,10.6,0.0,5.4,10.6,0.3,5.4,47.44898,-122.30931,61.17432,-149.99619
2024-08-31 00:00:00,DL,1061.0,FAI,SEA,2024-08-31 15:15:00,2024-08-31 15:15:00,0.0,18.0,2024-08-31 15:33:00,2024-08-31 19:52:00,10.0,2024-08-31 20:00:00,2024-08-31 20:02:00,2.0,225.0,227.0,199.0,1.0,8,31,6,108,277,7.2,0.0,13.0,25.6,0.0,11.2,64.81368,-147.85967,47.44898,-122.30931
2024-09-20 00:00:00,WN,3430.0,LAS,RNO,2024-09-20 17:15:00,2024-09-20 19:21:00,126.0,29.0,2024-09-20 19:50:00,2024-09-20 20:45:00,4.0,2024-09-20 18:45:00,2024-09-20 20:49:00,124.0,90.0,88.0,55.0,1.0,9,20,5,174,261,27.8,0.0,7.6,23.3,0.0,5.4,36.08036,-115.15233,39.49858,-119.76806
2024-11-30 00:00:00,WN,3607.0,CVG,MCO,2024-11-30 14:45:00,2024-11-30 14:42:00,-3.0,12.0,2024-11-30 14:54:00,2024-11-30 16:34:00,7.0,2024-11-30 16:55:00,2024-11-30 16:41:00,-14.0,130.0,119.0,100.0,1.0,11,30,6,78,193,-3.9,0.0,16.6,17.8,0.0,13.0,39.04614,-84.66217,28.42889,-81.31603
2024-06-30 00:00:00,WN,1323.0,HOU,CMH,2024-06-30 17:20:00,2024-06-30 17:16:00,-4.0,11.0,2024-06-30 17:27:00,2024-06-30 20:51:00,5.0,2024-06-30 21:00:00,2024-06-30 20:56:00,-4.0,160.0,160.0,144.0,1.0,6,30,7,143,67,34.4,0.0,11.2,26.1,0.0,18.4,29.64542,-95.27889,39.99799,-82.89188
2024-12-18 00:00:00,MQ,4038.0,PNS,DFW,2024-12-18 11:29:00,2024-12-18 11:31:00,2.0,10.0,2024-12-18 11:41:00,2024-12-18 13:22:00,10.0,2024-12-18 13:39:00,2024-12-18 13:32:00,-7.0,130.0,121.0,101.0,1.0,12,18,3,245,86,16.7,0.0,0.0,10.0,0.0,22.3,30.47331,-87.18744,32.89595,-97.0372
2024-10-18 00:00:00,WN,4246.0,SNA,SJC,2024-10-18 08:15:00,2024-10-18 08:12:00,-3.0,10.0,2024-10-18 08:22:00,2024-10-18 09:25:00,2.0,2024-10-18 09:30:00,2024-10-18 09:27:00,-3.0,75.0,75.0,63.0,1.0,10,18,5,289,283,18.3,0.0,0.0,16.7,0.0,22.3,33.67566,-117.86822,37.36186,-121.92901
2024-09-21 00:00:00,WN,3482.0,DEN,PHL,2024-09-21 17:45:00,2024-09-21 17:48:00,3.0,11.0,2024-09-21 17:59:00,2024-09-21 22:53:00,7.0,2024-09-21 23:25:00,2024-09-21 23:00:00,-25.0,220.0,192.0,174.0,1.0,9,21,6,85,238,18.9,0.0,16.6,22.8,0.0,0.0,39.85841,-104.667,39.87195,-75.24114
2024-09-06 00:00:00,DL,2942.0,CHA,ATL,2024-09-06 05:35:00,2024-09-06 05:27:00,-8.0,12.0,2024-09-06 05:39:00,2024-09-06 06:02:00,9.0,2024-09-06 06:26:00,2024-09-06 06:11:00,-15.0,51.0,44.0,23.0,1.0,9,6,5,58,20,21.7,0.0,0.0,23.9,0.0,9.4,35.03527,-85.20379,33.64044,-84.42694
2024-08-16 00:00:00,UA,2254.0,PDX,DEN,2024-08-16 16:07:00,2024-08-16 16:03:00,-4.0,10.0,2024-08-16 16:13:00,2024-08-16 19:09:00,6.0,2024-08-16 19:48:00,2024-08-16 19:15:00,-33.0,161.0,132.0,116.0,1.0,8,16,5,236,85,20.0,0.0,11.2,31.7,0.0,7.6,45.58872,-122.5975,39.85841,-104.667
2024-09-24 00:00:00,WN,790.0,SAT,BWI,2024-09-24 14:50:00,2024-09-24 14:48:00,-2.0,12.0,2024-09-24 15:00:00,2024-09-24 19:05:00,3.0,2024-09-24 19:10:00,2024-09-24 19:08:00,-2.0,200.0,200.0,185.0,1.0,9,24,2,269,51,28.9,0.0,5.4,20.0,0.0,13.0,29.53369,-98.46978,39.1754,-76.6682
2024-07-15 00:00:00,YX,5829.0,BOS,EWR,2024-07-15 12:35:00,2024-07-15 12:23:00,-12.0,100.0,2024-07-15 14:03:00,2024-07-15 15:01:00,6.0,2024-07-15 14:01:00,2024-07-15 15:07:00,66.0,86.0,164.0,58.0,1.0,7,15,1,39,106,27.8,0.0,16.6,28.9,0.0,6.1,42.36435,-71.00518,40.6925,-74.16866
2024-07-13 00:00:00,9E,4821.0,MEM,MSP,2024-07-13 13:46:00,2024-07-13 13:38:00,-8.0,17.0,2024-07-13 13:55:00,2024-07-13 15:40:00,11.0,2024-07-13 16:00:00,2024-07-13 15:51:00,-9.0,134.0,133.0,105.0,1.0,7,13,6,197,216,31.7,0.0,9.4,25.0,0.0,7.6,35.04242,-89.97667,44.88055,-93.21692
2024-10-11 00:00:00,UA,2426.0,SFO,RDU,2024-10-11 08:55:00,2024-10-11 08:49:00,-6.0,36.0,2024-10-11 09:25:00,2024-10-11 17:02:00,5.0,2024-10-11 17:05:00,2024-10-11 17:07:00,2.0,310.0,318.0,277.0,1.0,10,11,5,278,257,11.7,0.0,18.4,20.0,0.0,0.0,37.619,-122.37484,35.87764,-78.78747
2024-10-18 00:00:00,AA,1525.0,DFW,ELP,2024-10-18 21:05:00,2024-10-18 22:48:00,103.0,19.0,2024-10-18 23:07:00,2024-10-18 23:24:00,4.0,2024-10-18 22:00:00,2024-10-18 23:28:00,88.0,115.0,100.0,77.0,1.0,10,18,5,86,100,25.0,0.0,14.8,28.3,0.0,33.5,32.89595,-97.0372,31.80667,-106.37781
2024-09-20 00:00:00,WN,1936.0,MDW,GRR,2024-09-20 20:00:00,2024-09-20 19:59:00,-1.0,11.0,2024-09-20 20:10:00,2024-09-20 21:39:00,4.0,2024-09-20 21:55:00,2024-09-20 21:43:00,-12.0,55.0,44.0,29.0,1.0,9,20,5,195,130,33.3,0.0,16.6,24.4,0.0,18.4,41.78598,-87.75242,42.88082,-85.52277
2024-04-13 00:00:00,OO,5907.0,DEN,EGE,2024-04-13 13:38:00,2024-04-13 13:34:00,-4.0,22.0,2024-04-13 13:56:00,2024-04-13 14:21:00,4.0,2024-04-13 14:34:00,2024-04-13 14:25:00,-9.0,56.0,51.0,25.0,1.0,4,13,6,85,97,16.1,0.0,16.6,8.9,0.0,0.0,39.85841,-104.667,39.64257,-106.9177
2024-02-02 00:00:00,OH,5161.0,CLT,VPS,2024-02-02 20:25:00,2024-02-02 20:18:00,-7.0,28.0,2024-02-02 20:46:00,2024-02-02 20:56:00,10.0,2024-02-02 21:22:00,2024-02-02 21:06:00,-16.0,117.0,108.0,70.0,1.0,2,2,5,66,316,20.6,0.0,11.2,17.7,0.0,9.4,35.21401,-80.94313,30.48325,-86.5254
2024-04-21 00:00:00,WN,2187.0,BUR,SJC,2024-04-21 10:50:00,2024-04-21 10:49:00,-1.0,16.0,2024-04-21 11:05:00,2024-04-21 11:47:00,2.0,2024-04-21 12:00:00,2024-04-21 11:49:00,-11.0,70.0,60.0,42.0,1.0,4,21,7,50,283,12.2,0.0,0.0,11.1,0.0,5.4,34.20062,-118.3585,37.36186,-121.92901
2024-02-12 00:00:00,NK,3952.0,MIA,BOS,2024-02-12 11:44:00,2024-02-12 12:04:00,20.0,20.0,2024-02-12 12:24:00,2024-02-12 14:53:00,7.0,2024-02-12 15:06:00,2024-02-12 15:00:00,-6.0,202.0,176.0,149.0,1.0,2,12,1,203,39,22.2,0.0,14.8,6.1,0.0,5.4,25.79325,-80.29056,42.36435,-71.00518
2024-07-15 00:00:00,WN,2224.0,OAK,LAX,2024-07-15 12:55:00,2024-07-15 12:52:00,-3.0,12.0,2024-07-15 13:04:00,2024-07-15 13:59:00,6.0,2024-07-15 14:20:00,2024-07-15 14:05:00,-15.0,85.0,73.0,55.0,1.0,7,15,1,222,176,15.6,0.0,16.6,18.3,0.0,9.4,37.72129,-122.22072,33.94254,-118.40807
2024-12-02 00:00:00,B6,354.0,SJU,FLL,2024-12-02 10:30:00,2024-12-02 10:29:00,-1.0,12.0,2024-12-02 10:41:00,2024-12-02 12:06:00,6.0,2024-12-02 12:19:00,2024-12-02 12:12:00,-7.0,169.0,163.0,145.0,1.0,12,2,1,285,114,26.1,0.0,0.0,13.9,0.0,20.5,18.43942,-66.00183,26.07258,-80.15275
2024-11-17 00:00:00,AS,227.0,SFO,EWR,2024-11-17 06:20:00,2024-11-17 06:22:00,2.0,38.0,2024-11-17 07:00:00,2024-11-17 14:41:00,9.0,2024-11-17 14:55:00,2024-11-17 14:50:00,-5.0,335.0,328.0,281.0,1.0,11,17,7,278,106,10.6,0.0,13.0,12.0,0.0,7.6,37.619,-122.37484,40.6925,-74.16866
2024-08-21 00:00:00,WN,4661.0,MKE,MCI,2024-08-21 09:30:00,2024-08-21 09:25:00,-5.0,12.0,2024-08-21 09:37:00,2024-08-21 10:46:00,3.0,2024-08-21 10:55:00,2024-08-21 10:49:00,-6.0,85.0,84.0,69.0,1.0,8,21,3,204,192,13.3,0.0,7.6,17.2,0.0,9.4,42.94722,-87.89658,39.29761,-94.71391
2024-07-03 00:00:00,UA,1827.0,SAN,EWR,2024-07-03 22:10:00,2024-07-03 22:01:00,-9.0,19.0,2024-07-03 22:20:00,2024-07-03 06:08:00,10.0,2024-07-03 06:28:00,2024-07-03 06:18:00,-10.0,318.0,317.0,288.0,1.0,7,3,3,268,106,24.4,0.0,11.2,20.5,0.0,0.0,32.73356,-117.18966,40.6925,-74.16866
2024-11-23 00:00:00,DL,2588.0,DTW,LAS,2024-11-23 07:05:00,2024-11-23 06:59:00,-6.0,13.0,2024-11-23 07:12:00,2024-11-23 08:08:00,7.0,2024-11-23 08:32:00,2024-11-23 08:15:00,-17.0,267.0,256.0,236.0,1.0,11,23,6,93,174,6.1,0.0,22.3,7.2,0.0,7.6,42.21206,-83.34884,36.08036,-115.15233
2024-04-14 00:00:00,WN,5052.0,CMH,LAS,2024-04-14 06:20:00,2024-04-14 06:18:00,-2.0,9.0,2024-04-14 06:27:00,2024-04-14 07:24:00,8.0,2024-04-14 07:45:00,2024-04-14 07:32:00,-13.0,265.0,254.0,237.0,1.0,4,14,7,67,174,7.8,0.0,7.6,13.3,0.0,24.1,39.99799,-82.89188,36.08036,-115.15233
2024-04-15 00:00:00,UA,286.0,DEN,IAD,2024-04-15 09:57:00,2024-04-15 09:59:00,2.0,23.0,2024-04-15 10:22:00,2024-04-15 15:19:00,9.0,2024-04-15 15:15:00,2024-04-15 15:28:00,13.0,198.0,209.0,177.0,1.0,4,15,1,85,149,6.7,0.0,16.6,26.7,0.0,0.0,39.85841,-104.667,38.94453,-77.45581
2024-04-23 00:00:00,AA,550.0,ORD,DFW,2024-04-23 18:45:00,2024-04-23 18:44:00,-1.0,23.0,2024-04-23 19:07:00,2024-04-23 20:58:00,19.0,2024-04-23 21:41:00,2024-04-23 21:17:00,-24.0,176.0,153.0,111.0,1.0,4,23,2,228,86,15.6,0.0,22.3,23.9,0.0,27.7,41.9796,-87.90446,32.89595,-97.0372
2024-07-09 00:00:00,WN,5038.0,MDW,MCI,2024-07-09 11:20:00,2024-07-09 11:12:00,-8.0,13.0,2024-07-09 11:25:00,2024-07-09 12:28:00,10.0,2024-07-09 12:45:00,2024-07-09 12:38:00,-7.0,85.0,86.0,63.0,1.0,7,9,2,195,192,23.3,0.0,0.0,21.1,0.0,11.2,41.78598,-87.75242,39.29761,-94.71391
2024-09-12 00:00:00,OO,5480.0,MAF,DEN,2024-09-12 09:10:00,2024-09-12 09:00:00,-10.0,21.0,2024-09-12 09:21:00,2024-09-12 09:52:00,13.0,2024-09-12 10:10:00,2024-09-12 10:05:00,-5.0,120.0,125.0,91.0,1.0,9,12,4,190,85,18.3,0.0,13.0,13.9,0.0,18.4,31.94253,-102.20191,39.85841,-104.667
2024-01-21 00:00:00,AA,1090.0,ORF,CLT,2024-01-21 05:01:00,2024-01-21 04:59:00,-2.0,13.0,2024-01-21 05:12:00,2024-01-21 06:04:00,5.0,2024-01-21 06:32:00,2024-01-21 06:09:00,-23.0,91.0,70.0,52.0,1.0,1,21,7,229,66,-4.4,0.0,24.1,-8.3,0.0,5.4,36.89461,-76.20122,35.21401,-80.94313
2024-07-29 00:00:00,DL,1380.0,ATL,PIT,2024-07-29 08:35:00,2024-07-29 08:40:00,5.0,38.0,2024-07-29 09:18:00,2024-07-29 10:29:00,7.0,2024-07-29 10:14:00,2024-07-29 10:36:00,22.0,99.0,116.0,71.0,1.0,7,29,1,20,243,22.8,0.0,5.4,19.4,0.0,0.0,33.64044,-84.42694,40.49147,-80.23287
2024-08-13 00:00:00,OO,4912.0,ABQ,LAX,2024-08-13 12:19:00,2024-08-13 12:11:00,-8.0,20.0,2024-08-13 12:31:00,2024-08-13 13:05:00,7.0,2024-08-13 13:25:00,2024-08-13 13:12:00,-13.0,126.0,121.0,94.0,1.0,8,13,2,2,176,21.1,0.0,11.2,19.4,0.0,0.0,35.04022,-106.60919,33.94254,-118.40807
2024-11-17 00:00:00,HA,208.0,HNL,KOA,2024-11-17 09:30:00,2024-11-17 09:28:00,-2.0,9.0,2024-11-17 09:37:00,2024-11-17 10:07:00,5.0,2024-11-17 10:18:00,2024-11-17 10:12:00,-6.0,48.0,44.0,30.0,1.0,11,17,7,141,170,24.4,0.0,18.4,23.9,0.0,11.2,21.31869,-157.92241,19.73877,-156.04563
2024-07-13 00:00:00,AS,284.0,LAX,EWR,2024-07-13 08:10:00,2024-07-13 08:09:00,-1.0,16.0,2024-07-13 08:25:00,2024-07-13 16:19:00,12.0,2024-07-13 16:49:00,2024-07-13 16:31:00,-18.0,339.0,322.0,294.0,1.0,7,13,6,176,106,18.9,0.0,5.4,27.8,0.1,7.2,33.94254,-118.40807,40.6925,-74.16866
2024-02-23 00:00:00,OO,4038.0,BIL,SLC,2024-02-23 11:45:00,2024-02-23 11:36:00,-9.0,11.0,2024-02-23 11:47:00,2024-02-23 12:50:00,8.0,2024-02-23 13:10:00,2024-02-23 12:58:00,-12.0,85.0,82.0,63.0,1.0,2,23,5,32,286,3.3,0.0,24.1,0.0,0.0,11.2,45.80766,-108.54286,40.78839,-111.97777
2024-06-12 00:00:00,DL,1351.0,ATL,PIT,2024-06-12 22:25:00,2024-06-12 22:20:00,-5.0,11.0,2024-06-12 22:31:00,2024-06-12 23:42:00,9.0,2024-06-12 00:10:00,2024-06-12 23:51:00,-19.0,105.0,91.0,71.0,1.0,6,12,3,20,243,30.6,0.0,7.6,19.4,0.0,7.6,33.64044,-84.42694,40.49147,-80.23287
2024-02-06 00:00:00,DL,383.0,DTW,SEA,2024-02-06 08:25:00,2024-02-06 08:24:00,-1.0,30.0,2024-02-06 08:54:00,2024-02-06 10:19:00,9.0,2024-02-06 10:45:00,2024-02-06 10:28:00,-17.0,320.0,304.0,265.0,1.0,2,6,2,93,277,1.1,0.0,7.6,5.0,0.5,7.6,42.21206,-83.34884,47.44898,-122.30931
2024-06-20 00:00:00,MQ,3739.0,CLT,BHM,2024-06-20 20:47:00,2024-06-20 20:45:00,-2.0,18.0,2024-06-20 21:03:00,2024-06-20 21:00:00,8.0,2024-06-20 21:19:00,2024-06-20 21:08:00,-11.0,92.0,83.0,57.0,1.0,6,20,4,66,31,31.7,0.0,13.0,33.3,0.0,11.2,35.21401,-80.94313,33.56294,-86.75355
2024-08-13 00:00:00,DL,3165.0,SDF,ATL,2024-08-13 15:27:00,2024-08-13 15:24:00,-3.0,14.0,2024-08-13 15:38:00,2024-08-13 16:31:00,10.0,2024-08-13 16:55:00,2024-08-13 16:41:00,-14.0,88.0,77.0,53.0,1.0,8,13,2,276,20,25.0,0.0,0.0,30.6,0.0,14.8,38.17439,-85.736,33.64044,-84.42694
2024-08-18 00:00:00,F9,3242.0,DFW,ORD,2024-08-18 15:19:00,2024-08-18 15:41:00,22.0,17.0,2024-08-18 15:58:00,2024-08-18 17:49:00,16.0,2024-08-18 17:55:00,2024-08-18 18:05:00,10.0,156.0,144.0,111.0,1.0,8,18,7,86,228,34.4,0.0,18.4,23.3,0.3,20.5,32.89595,-97.0372,41.9796,-87.90446
2024-06-22 00:00:00,WN,3908.0,AUS,ELP,2024-06-22 12:20:00,2024-06-22 12:22:00,2.0,9.0,2024-06-22 12:31:00,2024-06-22 12:39:00,4.0,2024-06-22 12:50:00,2024-06-22 12:43:00,-7.0,90.0,81.0,68.0,1.0,6,22,6,22,100,24.4,0.0,0.0,26.1,0.0,13.0,30.19453,-97.66987,31.80667,-106.37781
2024-08-20 00:00:00,9E,5200.0,JFK,CHS,2024-08-20 14:04:00,2024-08-20 14:36:00,32.0,43.0,2024-08-20 15:19:00,2024-08-20 17:13:00,23.0,2024-08-20 16:27:00,2024-08-20 17:36:00,69.0,143.0,180.0,114.0,1.0,8,20,2,166,60,20.6,0.0,22.3,31.1,0.0,7.6,40.63975,-73.77893,32.89865,-80.04051
2024-12-20 00:00:00,DL,929.0,PHX,ATL,2024-12-20 23:59:00,2024-12-20 00:39:00,40.0,16.0,2024-12-20 00:55:00,2024-12-20 05:59:00,7.0,2024-12-20 05:30:00,2024-12-20 06:06:00,36.0,211.0,207.0,184.0,1.0,12,20,5,239,20,24.4,0.0,0.0,3.9,0.0,0.0,33.43417,-112.00806,33.64044,-84.42694
2024-05-02 00:00:00,9E,5134.0,ATL,AEX,2024-05-02 19:52:00,2024-05-02 20:09:00,17.0,15.0,2024-05-02 20:24:00,2024-05-02 20:41:00,3.0,2024-05-02 20:38:00,2024-05-02 20:44:00,6.0,106.0,95.0,77.0,1.0,5,2,4,20,11,28.9,0.0,14.8,23.9,0.0,13.0,33.64044,-84.42694,31.32737,-92.54856
2024-12-03 00:00:00,F9,1691.0,BUF,MCO,2024-12-03 11:40:00,2024-12-03 11:38:00,-2.0,8.0,2024-12-03 11:46:00,2024-12-03 13:52:00,20.0,2024-12-03 14:36:00,2024-12-03 14:12:00,-24.0,176.0,154.0,126.0,1.0,12,3,2,49,193,-1.1,0.0,14.8,13.9,0.0,20.5,42.94052,-78.73217,28.42889,-81.31603
2024-05-16 00:00:00,DL,2633.0,ATL,RDU,2024-05-16 08:35:00,2024-05-16 08:45:00,10.0,14.0,2024-05-16 08:59:00,2024-05-16 09:59:00,7.0,2024-05-16 10:00:00,2024-05-16 10:06:00,6.0,85.0,81.0,60.0,1.0,5,16,4,20,257,15.6,0.0,0.0,18.3,2.0,5.4,33.64044,-84.42694,35.87764,-78.78747
2024-07-01 00:00:00,OO,6248.0,PHX,TUS,2024-07-01 20:21:00,2024-07-01 20:17:00,-4.0,12.0,2024-07-01 20:29:00,2024-07-01 20:59:00,3.0,2024-07-01 21:10:00,2024-07-01 21:02:00,-8.0,49.0,45.0,30.0,1.0,7,1,1,239,307,40.0,0.0,9.4,36.7,0.0,13.0,33.43417,-112.00806,32.11608,-110.94103
2024-07-18 00:00:00,OO,5554.0,IAH,BRO,2024-07-18 20:00:00,2024-07-18 20:46:00,46.0,14.0,2024-07-18 21:00:00,2024-07-18 21:51:00,6.0,2024-07-18 21:20:00,2024-07-18 21:57:00,37.0,80.0,71.0,51.0,1.0,7,18,4,151,44,28.9,0.0,5.4,34.4,0.0,22.3,29.98047,-95.33972,25.90683,-97.42586
2024-11-06 00:00:00,OO,6486.0,DFW,AEX,2024-11-06 16:33:00,2024-11-06 16:25:00,-8.0,20.0,2024-11-06 16:45:00,2024-11-06 17:32:00,3.0,2024-11-06 17:50:00,2024-11-06 17:35:00,-15.0,77.0,70.0,47.0,1.0,11,6,3,86,11,19.4,0.0,13.0,28.3,0.0,11.2,32.89595,-97.0372,31.32737,-92.54856
2024-07-22 00:00:00,YX,4415.0,CLE,DCA,2024-07-22 19:40:00,2024-07-22 19:39:00,-1.0,19.0,2024-07-22 19:58:00,2024-07-22 21:16:00,19.0,2024-07-22 21:07:00,2024-07-22 21:35:00,28.0,87.0,116.0,78.0,1.0,7,22,1,64,84,25.0,0.0,13.0,23.9,0.0,0.0,41.41089,-81.8494,38.85208,-77.03772
2024-06-30 00:00:00,WN,2405.0,ELP,MCO,2024-06-30 12:10:00,2024-06-30 12:06:00,-4.0,9.0,2024-06-30 12:15:00,2024-06-30 17:44:00,14.0,2024-06-30 17:55:00,2024-06-30 17:58:00,3.0,225.0,232.0,209.0,1.0,6,30,7,100,193,26.7,0.0,16.6,28.3,6.6,0.0,31.80667,-106.37781,28.42889,-81.31603
2024-01-19 00:00:00,UA,2445.0,ORD,SAN,2024-01-19 09:15:00,2024-01-19 12:12:00,177.0,31.0,2024-01-19 12:43:00,2024-01-19 14:47:00,4.0,2024-01-19 11:47:00,2024-01-19 14:51:00,184.0,272.0,279.0,244.0,1.0,1,19,5,228,268,-11.7,0.4,24.1,10.6,0.0,0.0,41.9796,-87.90446,32.73356,-117.18966
2024-05-24 00:00:00,UA,2313.0,SFO,RNO,2024-05-24 23:18:00,2024-05-24 23:15:00,-3.0,26.0,2024-05-24 23:41:00,2024-05-24 00:17:00,7.0,2024-05-24 00:30:00,2024-05-24 00:24:00,-6.0,72.0,69.0,36.0,1.0,5,24,5,278,261,15.0,0.0,29.5,20.0,0.0,7.6,37.619,-122.37484,39.49858,-119.76806
2024-11-07 00:00:00,OO,5855.0,BOI,ORD,2024-11-07 12:20:00,2024-11-07 12:17:00,-3.0,13.0,2024-11-07 12:30:00,2024-11-07 16:36:00,19.0,2024-11-07 16:58:00,2024-11-07 16:55:00,-3.0,218.0,218.0,186.0,1.0,11,7,4,38,228,-1.7,0.0,9.4,11.7,0.0,11.2,43.56444,-116.22278,41.9796,-87.90446
2024-12-12 00:00:00,UA,1583.0,ORD,BWI,2024-12-12 17:59:00,2024-12-12 18:01:00,2.0,17.0,2024-12-12 18:18:00,2024-12-12 20:36:00,5.0,2024-12-12 20:53:00,2024-12-12 20:41:00,-12.0,114.0,100.0,78.0,1.0,12,12,4,228,51,-11.1,0.0,14.8,6.1,0.0,22.3,41.9796,-87.90446,39.1754,-76.6682
2024-05-24 00:00:00,WN,4463.0,DEN,SMF,2024-05-24 13:35:00,2024-05-24 13:56:00,21.0,13.0,2024-05-24 14:09:00,2024-05-24 15:21:00,3.0,2024-05-24 15:10:00,2024-05-24 15:24:00,14.0,155.0,148.0,132.0,1.0,5,24,5,85,287,11.1,0.0,14.8,16.1,0.0,20.5,39.85841,-104.667,38.69542,-121.59077
2024-07-08 00:00:00,WN,3664.0,SJC,SLC,2024-07-08 16:25:00,2024-07-08 16:37:00,12.0,18.0,2024-07-08 16:55:00,2024-07-08 19:24:00,6.0,2024-07-08 19:10:00,2024-07-08 19:30:00,20.0,105.0,113.0,89.0,1.0,7,8,1,283,286,23.9,0.0,0.0,31.1,0.0,5.4,37.36186,-121.92901,40.78839,-111.97777
2024-05-08 00:00:00,YX,3442.0,BUF,EWR,2024-05-08 17:47:00,2024-05-08 18:12:00,25.0,23.0,2024-05-08 18:35:00,2024-05-08 19:22:00,17.0,2024-05-08 19:20:00,2024-05-08 19:39:00,19.0,93.0,87.0,47.0,1.0,5,8,3,49,106,18.3,0.0,31.7,29.8,0.0,14.8,42.94052,-78.73217,40.6925,-74.16866
2024-01-01 00:00:00,WN,3125.0,STL,PIT,2024-01-01 11:40:00,2024-01-01 11:31:00,-9.0,11.0,2024-01-01 11:42:00,2024-01-01 14:04:00,4.0,2024-01-01 14:10:00,2024-01-01 14:08:00,-2.0,90.0,97.0,82.0,1.0,1,1,1,294,243,0.6,0.0,14.8,0.0,0.7,9.4,38.74769,-90.35999,40.49147,-80.23287
2024-07-25 00:00:00,DL,1703.0,ATL,SAV,2024-07-25 21:35:00,2024-07-25 21:48:00,13.0,15.0,2024-07-25 22:03:00,2024-07-25 22:45:00,20.0,2024-07-25 22:38:00,2024-07-25 23:05:00,27.0,63.0,77.0,42.0,1.0,7,25,4,20,270,26.7,0.5,11.2,24.8,0.5,14.8,33.64044,-84.42694,32.12758,-81.20214
2024-09-26 00:00:00,OO,4847.0,DFW,AMA,2024-09-26 18:29:00,2024-09-26 18:25:00,-4.0,21.0,2024-09-26 18:46:00,2024-09-26 19:38:00,6.0,2024-09-26 19:52:00,2024-09-26 19:44:00,-8.0,83.0,79.0,52.0,1.0,9,26,4,86,16,27.8,0.0,20.5,31.1,0.0,20.5,32.89595,-97.0372,35.21937,-101.70593
2024-05-22 00:00:00,DL,2110.0,SEA,SAN,2024-05-22 19:30:00,2024-05-22 19:27:00,-3.0,12.0,2024-05-22 19:39:00,2024-05-22 21:53:00,8.0,2024-05-22 22:21:00,2024-05-22 22:01:00,-20.0,171.0,154.0,134.0,1.0,5,22,3,277,268,13.9,0.0,11.2,18.9,0.0,13.0,47.44898,-122.30931,32.73356,-117.18966
2024-12-02 00:00:00,AA,3091.0,CLT,LGA,2024-12-02 09:11:00,2024-12-02 20:02:00,651.0,22.0,2024-12-02 20:24:00,2024-12-02 21:46:00,5.0,2024-12-02 11:00:00,2024-12-02 21:51:00,651.0,109.0,109.0,82.0,1.0,12,2,1,66,182,-1.7,0.0,5.4,-1.1,0.0,0.0,35.21401,-80.94313,40.77724,-73.87261
2024-11-12 00:00:00,NK,227.0,ATL,FLL,2024-11-12 19:46:00,2024-11-12 19:36:00,-10.0,10.0,2024-11-12 19:46:00,2024-11-12 21:08:00,6.0,2024-11-12 21:41:00,2024-11-12 21:14:00,-27.0,115.0,98.0,82.0,1.0,11,12,2,20,114,25.0,0.0,5.4,26.7,0.0,18.4,33.64044,-84.42694,26.07258,-80.15275
2024-12-15 00:00:00,WN,3875.0,SJC,SAN,2024-12-15 15:30:00,2024-12-15 15:46:00,16.0,8.0,2024-12-15 15:54:00,2024-12-15 16:54:00,3.0,2024-12-15 16:55:00,2024-12-15 16:57:00,2.0,85.0,71.0,60.0,1.0,12,15,7,283,268,7.8,0.0,5.4,16.7,0.0,0.0,37.36186,-121.92901,32.73356,-117.18966
2024-01-18 00:00:00,YX,3461.0,PIT,ORD,2024-01-18 08:55:00,2024-01-18 08:49:00,-6.0,9.0,2024-01-18 08:58:00,2024-01-18 09:14:00,21.0,2024-01-18 09:48:00,2024-01-18 09:35:00,-13.0,113.0,106.0,76.0,1.0,1,18,4,243,228,-5.6,0.0,9.4,-7.2,0.0,7.6,40.49147,-80.23287,41.9796,-87.90446
2024-08-31 00:00:00,OH,5543.0,CLT,IAD,2024-08-31 11:07:00,2024-08-31 11:30:00,23.0,20.0,2024-08-31 11:50:00,2024-08-31 12:47:00,4.0,2024-08-31 12:37:00,2024-08-31 12:51:00,14.0,90.0,81.0,57.0,1.0,8,31,6,66,149,21.1,0.0,0.0,22.2,0.0,11.2,35.21401,-80.94313,38.94453,-77.45581
2024-10-17 00:00:00,UA,1701.0,LAX,BWI,2024-10-17 08:45:00,2024-10-17 08:40:00,-5.0,22.0,2024-10-17 09:02:00,2024-10-17 16:45:00,8.0,2024-10-17 16:51:00,2024-10-17 16:53:00,2.0,306.0,313.0,283.0,1.0,10,17,4,176,51,17.8,0.0,0.0,13.3,0.0,13.0,33.94254,-118.40807,39.1754,-76.6682
2024-06-16 00:00:00,DL,418.0,DTW,LAX,2024-06-16 06:05:00,2024-06-16 05:56:00,-9.0,14.0,2024-06-16 06:10:00,2024-06-16 07:25:00,13.0,2024-06-16 07:55:00,2024-06-16 07:38:00,-17.0,290.0,282.0,255.0,1.0,6,16,7,93,176,15.0,0.0,7.6,17.8,0.0,0.0,42.21206,-83.34884,33.94254,-118.40807
2024-11-21 00:00:00,DL,951.0,LAX,JFK,2024-11-21 10:55:00,2024-11-21 10:49:00,-6.0,24.0,2024-11-21 11:13:00,2024-11-21 19:11:00,17.0,2024-11-21 19:29:00,2024-11-21 19:28:00,-1.0,334.0,339.0,298.0,1.0,11,21,4,176,166,10.0,0.0,5.4,10.0,0.5,18.4,33.94254,-118.40807,40.63975,-73.77893
2024-04-10 00:00:00,AS,1157.0,SAN,SEA,2024-04-10 11:50:00,2024-04-10 13:29:00,99.0,15.0,2024-04-10 13:44:00,2024-04-10 16:10:00,8.0,2024-04-10 14:55:00,2024-04-10 16:18:00,83.0,185.0,169.0,146.0,1.0,4,10,3,268,277,11.1,0.0,0.0,7.8,0.0,5.4,32.73356,-117.18966,47.44898,-122.30931
2024-11-30 00:00:00,YX,3630.0,ORD,CHA,2024-11-30 18:15:00,2024-11-30 18:06:00,-9.0,28.0,2024-11-30 18:34:00,2024-11-30 20:42:00,4.0,2024-11-30 21:01:00,2024-11-30 20:46:00,-15.0,106.0,100.0,68.0,1.0,11,30,6,228,58,-6.1,0.0,22.3,8.3,0.0,0.0,41.9796,-87.90446,35.03527,-85.20379
2024-05-15 00:00:00,AA,2439.0,SLC,DFW,2024-05-15 14:00:00,2024-05-15 13:59:00,-1.0,12.0,2024-05-15 14:11:00,2024-05-15 17:20:00,9.0,2024-05-15 17:48:00,2024-05-15 17:29:00,-19.0,168.0,150.0,129.0,1.0,5,15,3,286,86,16.7,0.0,5.4,31.1,0.0,24.1,40.78839,-111.97777,32.89595,-97.0372
2024-01-30 00:00:00,DL,2501.0,ATL,MEM,2024-01-30 22:29:00,2024-01-30 22:23:00,-6.0,12.0,2024-01-30 22:35:00,2024-01-30 22:36:00,4.0,2024-01-30 22:55:00,2024-01-30 22:40:00,-15.0,86.0,77.0,61.0,1.0,1,30,2,20,197,15.6,0.0,9.4,13.3,0.0,7.6,33.64044,-84.42694,35.04242,-89.97667
2024-08-11 00:00:00,AA,2392.0,BDL,CLT,2024-08-11 10:02:00,2024-08-11 10:19:00,17.0,11.0,2024-08-11 10:30:00,2024-08-11 12:14:00,6.0,2024-08-11 12:09:00,2024-08-11 12:20:00,11.0,127.0,121.0,104.0,1.0,8,11,7,26,66,17.8,0.0,0.0,25.6,0.0,13.0,41.93887,-72.68323,35.21401,-80.94313
2024-07-10 00:00:00,DL,2982.0,DEN,MSP,2024-07-10 09:14:00,2024-07-10 09:06:00,-8.0,10.0,2024-07-10 09:16:00,2024-07-10 11:46:00,7.0,2024-07-10 12:12:00,2024-07-10 11:53:00,-19.0,118.0,107.0,90.0,1.0,7,10,3,85,216,16.1,0.0,13.0,20.6,0.0,5.4,39.85841,-104.667,44.88055,-93.21692
2024-07-02 00:00:00,WN,3441.0,PHX,OAK,2024-07-02 20:25:00,2024-07-02 20:56:00,31.0,14.0,2024-07-02 21:10:00,2024-07-02 22:40:00,4.0,2024-07-02 22:20:00,2024-07-02 22:44:00,24.0,115.0,108.0,90.0,1.0,7,2,2,239,222,43.3,0.0,20.5,30.6,0.0,16.6,33.43417,-112.00806,37.72129,-122.22072
2024-07-22 00:00:00,AS,672.0,SAN,SFO,2024-07-22 13:00:00,2024-07-22 13:05:00,5.0,30.0,2024-07-22 13:35:00,2024-07-22 14:38:00,7.0,2024-07-22 14:40:00,2024-07-22 14:45:00,5.0,100.0,100.0,63.0,1.0,7,22,1,268,278,21.1,0.0,0.0,16.7,0.0,7.6,32.73356,-117.18966,37.619,-122.37484
2024-12-05 00:00:00,YX,5841.0,CMH,LGA,2024-12-05 18:38:00,2024-12-05 19:57:00,79.0,26.0,2024-12-05 20:23:00,2024-12-05 21:45:00,7.0,2024-12-05 20:31:00,2024-12-05 21:52:00,81.0,113.0,115.0,82.0,1.0,12,5,4,67,182,-3.3,0.0,27.7,2.0,0.0,20.9,39.99799,-82.89188,40.77724,-73.87261
2024-10-18 00:00:00,AA,2305.0,JFK,SFO,2024-10-18 17:00:00,2024-10-18 16:52:00,-8.0,25.0,2024-10-18 17:17:00,2024-10-18 19:53:00,16.0,2024-10-18 20:27:00,2024-10-18 20:09:00,-18.0,387.0,377.0,336.0,1.0,10,18,5,166,278,18.9,0.0,22.3,21.1,0.0,18.4,40.63975,-73.77893,37.619,-122.37484
2024-11-22 00:00:00,DL,1348.0,RIC,ATL,2024-11-22 19:43:00,2024-11-22 20:46:00,63.0,17.0,2024-11-22 21:03:00,2024-11-22 22:08:00,8.0,2024-11-22 21:44:00,2024-11-22 22:16:00,32.0,121.0,90.0,65.0,1.0,11,22,5,259,20,9.4,0.0,22.3,8.9,0.0,11.2,37.50517,-77.31967,33.64044,-84.42694
2024-07-14 00:00:00,AS,597.0,ORD,SFO,2024-07-14 18:20:00,2024-07-14 18:34:00,14.0,36.0,2024-07-14 19:10:00,2024-07-14 21:03:00,8.0,2024-07-14 21:00:00,2024-07-14 21:11:00,11.0,280.0,277.0,233.0,1.0,7,14,7,228,278,30.6,0.0,18.4,19.4,0.0,27.7,41.9796,-87.90446,37.619,-122.37484
2024-04-28 00:00:00,WN,1626.0,MSY,DAL,2024-04-28 20:20:00,2024-04-28 20:45:00,25.0,11.0,2024-04-28 20:56:00,2024-04-28 22:35:00,4.0,2024-04-28 21:50:00,2024-04-28 22:39:00,49.0,90.0,114.0,99.0,1.0,4,28,7,217,81,27.2,0.0,24.1,23.9,0.0,16.6,29.99339,-90.25803,32.84711,-96.85177
2024-05-20 00:00:00,AS,359.0,TPA,SEA,2024-05-20 07:47:00,2024-05-20 07:46:00,-1.0,19.0,2024-05-20 08:05:00,2024-05-20 10:35:00,11.0,2024-05-20 10:40:00,2024-05-20 10:46:00,6.0,353.0,360.0,330.0,1.0,5,20,1,303,277,26.1,0.0,11.2,7.8,0.0,7.6,27.97547,-82.53325,47.44898,-122.30931
2024-04-05 00:00:00,WN,1438.0,LAS,MCI,2024-04-05 20:30:00,2024-04-05 20:36:00,6.0,11.0,2024-04-05 20:47:00,2024-04-05 00:56:00,4.0,2024-04-05 01:05:00,2024-04-05 01:00:00,-5.0,155.0,144.0,129.0,1.0,4,5,5,174,192,12.8,0.0,24.1,8.9,0.0,9.4,36.08036,-115.15233,39.29761,-94.71391
2024-11-01 00:00:00,AA,612.0,AUS,DFW,2024-11-01 06:00:00,2024-11-01 05:56:00,-4.0,12.0,2024-11-01 06:08:00,2024-11-01 06:43:00,36.0,2024-11-01 07:12:00,2024-11-01 07:19:00,7.0,72.0,83.0,35.0,1.0,11,1,5,22,86,21.1,0.0,16.6,16.1,0.0,9.4,30.19453,-97.66987,32.89595,-97.0372
2024-10-06 00:00:00,OO,3862.0,GTF,SLC,2024-10-06 05:45:00,2024-10-06 05:40:00,-5.0,11.0,2024-10-06 05:51:00,2024-10-06 06:56:00,9.0,2024-10-06 07:18:00,2024-10-06 07:05:00,-13.0,93.0,85.0,65.0,1.0,10,6,7,134,286,6.7,0.0,5.4,16.1,0.0,0.0,47.482,-111.37069,40.78839,-111.97777
2024-10-22 00:00:00,OH,5486.0,CLT,CAE,2024-10-22 18:14:00,2024-10-22 18:24:00,10.0,30.0,2024-10-22 18:54:00,2024-10-22 19:19:00,3.0,2024-10-22 19:17:00,2024-10-22 19:22:00,5.0,63.0,58.0,25.0,1.0,10,22,2,66,53,24.4,0.0,5.4,27.2,0.0,5.4,35.21401,-80.94313,33.93884,-81.11954
2024-08-12 00:00:00,DL,1150.0,ATL,MCO,2024-08-12 15:15:00,2024-08-12 15:11:00,-4.0,17.0,2024-08-12 15:28:00,2024-08-12 16:50:00,23.0,2024-08-12 16:52:00,2024-08-12 17:13:00,21.0,97.0,122.0,82.0,1.0,8,12,1,20,193,29.4,0.0,0.0,33.3,0.0,13.0,33.64044,-84.42694,28.42889,-81.31603
2024-10-23 00:00:00,WN,40.0,DAL,IND,2024-10-23 17:50:00,2024-10-23 18:08:00,18.0,11.0,2024-10-23 18:19:00,2024-10-23 21:00:00,5.0,2024-10-23 20:55:00,2024-10-23 21:05:00,10.0,125.0,117.0,101.0,1.0,10,23,3,81,157,31.7,0.0,9.4,18.9,0.0,20.5,32.84711,-96.85177,39.71733,-86.29438
2024-04-25 00:00:00,AA,644.0,SDF,CLT,2024-04-25 06:50:00,2024-04-25 06:44:00,-6.0,35.0,2024-04-25 07:19:00,2024-04-25 08:17:00,9.0,2024-04-25 08:16:00,2024-04-25 08:26:00,10.0,86.0,102.0,58.0,1.0,4,25,4,276,66,6.7,0.0,7.6,10.6,0.0,5.4,38.17439,-85.736,35.21401,-80.94313
2024-01-12 00:00:00,AA,878.0,PHX,PHL,2024-01-12 08:22:00,2024-01-12 08:15:00,-7.0,17.0,2024-01-12 08:32:00,2024-01-12 14:23:00,6.0,2024-01-12 14:46:00,2024-01-12 14:29:00,-17.0,264.0,254.0,231.0,1.0,1,12,5,239,238,5.0,0.0,0.0,7.8,0.0,11.2,33.43417,-112.00806,39.87195,-75.24114
2024-04-24 00:00:00,OO,4050.0,MSP,RST,2024-04-24 16:51:00,2024-04-24 16:52:00,1.0,23.0,2024-04-24 17:15:00,2024-04-24 17:31:00,2.0,2024-04-24 17:37:00,2024-04-24 17:33:00,-4.0,46.0,41.0,16.0,1.0,4,24,3,216,265,9.4,0.0,13.0,11.1,0.0,13.0,44.88055,-93.21692,43.90883,-92.49799
2024-10-28 00:00:00,AA,284.0,HNL,LAX,2024-10-28 15:35:00,2024-10-28 15:35:00,0.0,17.0,2024-10-28 15:52:00,2024-10-28 23:58:00,7.0,2024-10-28 00:14:00,2024-10-28 00:05:00,-9.0,339.0,330.0,306.0,1.0,10,28,1,141,176,25.0,0.0,13.0,20.0,0.0,14.8,21.31869,-157.92241,33.94254,-118.40807
2024-11-27 00:00:00,DL,1306.0,MSN,DTW,2024-11-27 18:16:00,2024-11-27 18:01:00,-15.0,12.0,2024-11-27 18:13:00,2024-11-27 20:01:00,11.0,2024-11-27 20:37:00,2024-11-27 20:12:00,-25.0,81.0,71.0,48.0,1.0,11,27,3,214,93,2.5,0.0,11.2,5.6,0.0,11.2,43.13986,-89.33751,42.21206,-83.34884
2024-04-16 00:00:00,UA,709.0,DEN,SBP,2024-04-16 19:45:00,2024-04-16 19:36:00,-9.0,12.0,2024-04-16 19:48:00,2024-04-16 20:54:00,6.0,2024-04-16 21:28:00,2024-04-16 21:00:00,-28.0,163.0,144.0,126.0,1.0,4,16,2,85,273,17.8,0.0,35.3,21.1,0.0,29.5,39.85841,-104.667,35.23706,-120.64239
2024-07-05 00:00:00,WN,2580.0,PIT,BWI,2024-07-05 05:40:00,2024-07-05 05:35:00,-5.0,12.0,2024-07-05 05:47:00,2024-07-05 06:28:00,7.0,2024-07-05 06:45:00,2024-07-05 06:35:00,-10.0,65.0,60.0,41.0,1.0,7,5,5,243,51,23.9,0.0,7.6,25.0,0.0,7.6,40.49147,-80.23287,39.1754,-76.6682
2024-02-04 00:00:00,AA,2597.0,DFW,BUR,2024-02-04 18:56:00,2024-02-04 05:50:00,654.0,18.0,2024-02-04 06:08:00,2024-02-04 07:36:00,2.0,2024-02-04 20:24:00,2024-02-04 07:38:00,674.0,208.0,228.0,208.0,1.0,2,4,7,86,50,15.0,0.0,16.6,13.9,1.3,25.9,32.89595,-97.0372,34.20062,-118.3585
2024-08-27 00:00:00,AA,1777.0,MCO,MIA,2024-08-27 20:20:00,2024-08-27 20:27:00,7.0,29.0,2024-08-27 20:56:00,2024-08-27 21:35:00,12.0,2024-08-27 21:33:00,2024-08-27 21:47:00,14.0,73.0,80.0,39.0,1.0,8,27,2,193,203,30.0,0.0,18.4,31.1,0.0,16.6,28.42889,-81.31603,25.79325,-80.29056
2024-02-05 00:00:00,UA,1252.0,DEN,LAS,2024-02-05 14:00:00,2024-02-05 14:37:00,37.0,38.0,2024-02-05 15:15:00,2024-02-05 15:56:00,7.0,2024-02-05 15:03:00,2024-02-05 16:03:00,60.0,123.0,146.0,101.0,1.0,2,5,1,85,174,-2.8,0.0,16.6,8.3,0.5,7.6,39.85841,-104.667,36.08036,-115.15233
2024-02-23 00:00:00,AA,2319.0,CLT,PIT,2024-02-23 11:51:00,2024-02-23 11:59:00,8.0,21.0,2024-02-23 12:20:00,2024-02-23 13:14:00,3.0,2024-02-23 13:19:00,2024-02-23 13:17:00,-2.0,88.0,78.0,54.0,1.0,2,23,5,66,243,11.1,1.5,7.6,7.8,0.0,5.4,35.21401,-80.94313,40.49147,-80.23287
2024-10-01 00:00:00,OO,6383.0,PHX,PSP,2024-10-01 10:38:00,2024-10-01 10:28:00,-10.0,25.0,2024-10-01 10:53:00,2024-10-01 11:36:00,6.0,2024-10-01 12:01:00,2024-10-01 11:42:00,-19.0,83.0,74.0,43.0,1.0,10,1,2,239,250,30.0,0.0,0.0,28.9,0.0,13.0,33.43417,-112.00806,33.82922,-116.50625
2024-12-30 00:00:00,AA,2309.0,PIT,DFW,2024-12-30 11:37:00,2024-12-30 11:33:00,-4.0,11.0,2024-12-30 11:44:00,2024-12-30 13:25:00,13.0,2024-12-30 13:59:00,2024-12-30 13:38:00,-21.0,202.0,185.0,161.0,1.0,12,30,1,243,86,5.6,0.3,14.8,12.2,0.0,20.5,40.49147,-80.23287,32.89595,-97.0372
2024-06-17 00:00:00,WN,284.0,ABQ,DAL,2024-06-17 05:30:00,2024-06-17 05:33:00,3.0,9.0,2024-06-17 05:42:00,2024-06-17 08:02:00,6.0,2024-06-17 08:15:00,2024-06-17 08:08:00,-7.0,105.0,95.0,80.0,1.0,6,17,1,2,81,27.8,0.0,18.4,27.2,0.0,20.5,35.04022,-106.60919,32.84711,-96.85177
2024-01-04 00:00:00,WN,1768.0,MDW,DAL,2024-01-04 19:40:00,2024-01-04 21:12:00,92.0,12.0,2024-01-04 21:24:00,2024-01-04 23:24:00,4.0,2024-01-04 22:05:00,2024-01-04 23:28:00,83.0,145.0,136.0,120.0,1.0,1,4,4,195,81,3.3,0.0,0.0,13.9,0.0,22.3,41.78598,-87.75242,32.84711,-96.85177
2024-04-11 00:00:00,DL,1440.0,GEG,SLC,2024-04-11 05:15:00,2024-04-11 05:14:00,-1.0,12.0,2024-04-11 05:26:00,2024-04-11 07:35:00,5.0,2024-04-11 08:00:00,2024-04-11 07:40:00,-20.0,105.0,86.0,69.0,1.0,4,11,4,121,286,8.3,0.0,5.4,6.7,0.0,13.0,47.61986,-117.53384,40.78839,-111.97777
2024-07-02 00:00:00,UA,616.0,DEN,CLT,2024-07-02 17:40:00,2024-07-02 17:46:00,6.0,16.0,2024-07-02 18:02:00,2024-07-02 22:50:00,13.0,2024-07-02 23:02:00,2024-07-02 23:03:00,1.0,202.0,197.0,168.0,1.0,7,2,2,85,66,27.2,0.0,13.0,28.3,0.0,7.6,39.85841,-104.667,35.21401,-80.94313
2024-07-12 00:00:00,B6,231.0,BOS,LGA,2024-07-12 15:35:00,2024-07-12 15:40:00,5.0,22.0,2024-07-12 16:02:00,2024-07-12 16:47:00,5.0,2024-07-12 16:55:00,2024-07-12 16:52:00,-3.0,80.0,72.0,45.0,1.0,7,12,5,39,182,29.4,0.0,25.9,26.7,0.0,0.0,42.36435,-71.00518,40.77724,-73.87261
2024-06-09 00:00:00,WN,2105.0,LAS,MCI,2024-06-09 10:45:00,2024-06-09 10:58:00,13.0,15.0,2024-06-09 11:13:00,2024-06-09 15:35:00,19.0,2024-06-09 15:30:00,2024-06-09 15:54:00,24.0,165.0,176.0,142.0,1.0,6,9,7,174,192,29.4,0.0,14.8,24.4,0.0,11.2,36.08036,-115.15233,39.29761,-94.71391
2024-10-03 00:00:00,DL,2084.0,MSP,SJC,2024-10-03 10:05:00,2024-10-03 09:58:00,-7.0,13.0,2024-10-03 10:11:00,2024-10-03 11:41:00,8.0,2024-10-03 12:06:00,2024-10-03 11:49:00,-17.0,241.0,231.0,210.0,1.0,10,3,4,216,283,11.7,0.0,0.0,20.6,0.0,5.4,44.88055,-93.21692,37.36186,-121.92901
2024-01-09 00:00:00,MQ,3935.0,DFW,MEM,2024-01-09 10:58:00,2024-01-09 11:54:00,56.0,54.0,2024-01-09 12:48:00,2024-01-09 14:04:00,8.0,2024-01-09 12:36:00,2024-01-09 14:12:00,96.0,98.0,138.0,76.0,1.0,1,9,2,86,197,1.7,0.0,31.7,5.6,0.1,22.3,32.89595,-97.0372,35.04242,-89.97667
2024-11-30 00:00:00,OO,5654.0,SFO,BFL,2024-11-30 21:20:00,2024-11-30 21:11:00,-9.0,18.0,2024-11-30 21:29:00,2024-11-30 22:18:00,5.0,2024-11-30 22:25:00,2024-11-30 22:23:00,-2.0,65.0,72.0,49.0,1.0,11,30,6,278,28,15.0,0.0,7.6,11.1,0.0,0.0,37.619,-122.37484,35.4336,-119.05677
2024-02-21 00:00:00,UA,1769.0,SFO,MCO,2024-02-21 22:55:00,2024-02-21 23:08:00,13.0,18.0,2024-02-21 23:26:00,2024-02-21 06:36:00,7.0,2024-02-21 07:12:00,2024-02-21 06:43:00,-29.0,317.0,275.0,250.0,1.0,2,21,3,278,193,15.0,0.0,14.8,9.4,0.0,5.4,37.619,-122.37484,28.42889,-81.31603
2024-12-17 00:00:00,WN,2777.0,PHX,SAN,2024-12-17 13:50:00,2024-12-17 14:14:00,24.0,10.0,2024-12-17 14:24:00,2024-12-17 14:21:00,3.0,2024-12-17 14:05:00,2024-12-17 14:24:00,19.0,75.0,70.0,57.0,1.0,12,17,2,239,268,7.2,0.0,5.4,8.9,0.0,0.0,33.43417,-112.00806,32.73356,-117.18966
2024-01-31 00:00:00,OO,3344.0,LAS,PDX,2024-01-31 19:52:00,2024-01-31 19:49:00,-3.0,12.0,2024-01-31 20:01:00,2024-01-31 21:44:00,4.0,2024-01-31 22:21:00,2024-01-31 21:48:00,-33.0,149.0,119.0,103.0,1.0,1,31,3,174,236,17.8,0.0,5.4,10.0,0.3,7.6,36.08036,-115.15233,45.58872,-122.5975
2024-04-12 00:00:00,F9,1162.0,DEN,HOU,2024-04-12 11:29:00,2024-04-12 11:24:00,-5.0,16.0,2024-04-12 11:40:00,2024-04-12 14:31:00,39.0,2024-04-12 15:02:00,2024-04-12 15:10:00,8.0,153.0,166.0,111.0,1.0,4,12,5,85,143,6.1,0.0,20.5,23.9,0.0,14.8,39.85841,-104.667,29.64542,-95.27889
2024-02-13 00:00:00,DL,2079.0,TPA,LGA,2024-02-13 11:20:00,2024-02-13 11:26:00,6.0,11.0,2024-02-13 11:37:00,2024-02-13 13:47:00,5.0,2024-02-13 14:00:00,2024-02-13 13:52:00,-8.0,160.0,146.0,130.0,1.0,2,13,2,303,182,17.2,0.0,22.3,1.0,4.7,17.0,27.97547,-82.53325,40.77724,-73.87261
2024-09-15 00:00:00,UA,1831.0,IAD,SAN,2024-09-15 18:00:00,2024-09-15 18:00:00,0.0,25.0,2024-09-15 18:25:00,2024-09-15 20:10:00,4.0,2024-09-15 20:09:00,2024-09-15 20:14:00,5.0,309.0,314.0,285.0,1.0,9,15,7,149,268,27.2,0.0,22.3,21.1,0.0,18.4,38.94453,-77.45581,32.73356,-117.18966
2024-06-21 00:00:00,AA,813.0,EWR,DFW,2024-06-21 16:59:00,2024-06-21 16:55:00,-4.0,24.0,2024-06-21 17:19:00,2024-06-21 19:07:00,18.0,2024-06-21 19:54:00,2024-06-21 19:25:00,-29.0,235.0,210.0,168.0,1.0,6,21,5,106,86,35.0,0.0,9.4,33.3,0.0,18.4,40.6925,-74.16866,32.89595,-97.0372
2024-11-26 00:00:00,WN,2177.0,PIT,STL,2024-11-26 10:55:00,2024-11-26 10:48:00,-7.0,9.0,2024-11-26 10:57:00,2024-11-26 11:21:00,4.0,2024-11-26 11:45:00,2024-11-26 11:25:00,-20.0,110.0,97.0,84.0,1.0,11,26,2,243,294,10.0,0.3,29.5,-1.7,0.0,7.6,40.49147,-80.23287,38.74769,-90.35999
2024-11-08 00:00:00,OH,5677.0,CLT,OAJ,2024-11-08 20:45:00,2024-11-08 20:39:00,-6.0,24.0,2024-11-08 21:03:00,2024-11-08 21:36:00,5.0,2024-11-08 21:54:00,2024-11-08 21:41:00,-13.0,69.0,62.0,33.0,1.0,11,8,5,66,221,26.7,0.0,0.0,21.7,0.0,0.0,35.21401,-80.94313,34.82916,-77.61214
2024-11-27 00:00:00,B6,1297.0,JFK,DEN,2024-11-27 09:00:00,2024-11-27 08:53:00,-7.0,35.0,2024-11-27 09:28:00,2024-11-27 11:46:00,11.0,2024-11-27 11:37:00,2024-11-27 11:57:00,20.0,277.0,304.0,258.0,1.0,11,27,3,166,85,6.1,0.0,14.8,0.6,0.3,18.4,40.63975,-73.77893,39.85841,-104.667
2024-11-23 00:00:00,AA,403.0,DFW,PIT,2024-11-23 19:01:00,2024-11-23 19:01:00,0.0,17.0,2024-11-23 19:18:00,2024-11-23 22:33:00,5.0,2024-11-23 22:38:00,2024-11-23 22:38:00,0.0,157.0,157.0,135.0,1.0,11,23,6,86,243,23.3,0.0,24.1,6.7,0.0,9.4,32.89595,-97.0372,40.49147,-80.23287
2024-08-12 00:00:00,OO,4824.0,DFW,GJT,2024-08-12 10:20:00,2024-08-12 10:13:00,-7.0,38.0,2024-08-12 10:51:00,2024-08-12 11:39:00,4.0,2024-08-12 12:02:00,2024-08-12 11:43:00,-19.0,162.0,150.0,108.0,1.0,8,12,1,86,124,27.2,0.0,20.5,18.9,0.0,11.2,32.89595,-97.0372,39.12241,-108.52673
2024-11-08 00:00:00,MQ,3569.0,BOS,ORD,2024-11-08 10:30:00,2024-11-08 10:25:00,-5.0,16.0,2024-11-08 10:41:00,2024-11-08 12:00:00,14.0,2024-11-08 12:29:00,2024-11-08 12:14:00,-15.0,179.0,169.0,139.0,1.0,11,8,5,39,228,7.2,0.0,14.8,6.7,0.0,9.4,42.36435,-71.00518,41.9796,-87.90446
2024-04-26 00:00:00,WN,1766.0,DAL,TPA,2024-04-26 16:00:00,2024-04-26 20:04:00,244.0,12.0,2024-04-26 20:16:00,2024-04-26 23:25:00,4.0,2024-04-26 19:25:00,2024-04-26 23:29:00,244.0,145.0,145.0,129.0,1.0,4,26,5,81,303,23.9,0.0,24.1,30.6,0.0,14.8,32.84711,-96.85177,27.97547,-82.53325
2024-11-04 00:00:00,AA,2118.0,PHX,MCO,2024-11-04 10:00:00,2024-11-04 10:05:00,5.0,29.0,2024-11-04 10:34:00,2024-11-04 16:09:00,6.0,2024-11-04 16:10:00,2024-11-04 16:15:00,5.0,250.0,250.0,215.0,1.0,11,4,1,239,193,12.8,0.0,13.0,27.2,0.3,29.5,33.43417,-112.00806,28.42889,-81.31603
2024-01-14 00:00:00,NK,1024.0,ORD,LAX,2024-01-14 16:19:00,2024-01-14 17:42:00,83.0,16.0,2024-01-14 17:58:00,2024-01-14 20:04:00,6.0,2024-01-14 18:55:00,2024-01-14 20:10:00,75.0,276.0,268.0,246.0,1.0,1,14,7,228,176,-22.8,0.0,24.1,15.0,0.0,13.0,41.9796,-87.90446,33.94254,-118.40807
2024-04-21 00:00:00,WN,4498.0,SLC,DEN,2024-04-21 14:20:00,2024-04-21 14:33:00,13.0,10.0,2024-04-21 14:43:00,2024-04-21 15:37:00,6.0,2024-04-21 15:45:00,2024-04-21 15:43:00,-2.0,85.0,70.0,54.0,1.0,4,21,7,286,85,14.4,0.0,18.4,3.3,0.0,11.2,40.78839,-111.97777,39.85841,-104.667
2024-02-28 00:00:00,WN,3504.0,MCO,CMH,2024-02-28 20:25:00,2024-02-28 20:23:00,-2.0,16.0,2024-02-28 20:39:00,2024-02-28 22:32:00,4.0,2024-02-28 22:40:00,2024-02-28 22:36:00,-4.0,135.0,133.0,113.0,1.0,2,28,3,193,67,28.3,0.0,14.8,-1.1,0.0,37.1,28.42889,-81.31603,39.99799,-82.89188
2024-10-19 00:00:00,UA,2258.0,DEN,ORD,2024-10-19 18:54:00,2024-10-19 19:34:00,40.0,18.0,2024-10-19 19:52:00,2024-10-19 22:43:00,7.0,2024-10-19 22:27:00,2024-10-19 22:50:00,23.0,153.0,136.0,111.0,1.0,10,19,6,85,228,15.6,0.0,14.8,20.0,0.0,9.4,39.85841,-104.667,41.9796,-87.90446
2024-06-09 00:00:00,WN,2888.0,MSP,MDW,2024-06-09 05:20:00,2024-06-09 05:19:00,-1.0,14.0,2024-06-09 05:33:00,2024-06-09 06:31:00,4.0,2024-06-09 06:50:00,2024-06-09 06:35:00,-15.0,90.0,76.0,58.0,1.0,6,9,7,216,195,16.7,0.0,9.4,13.3,0.0,11.2,44.88055,-93.21692,41.78598,-87.75242
2024-08-20 00:00:00,OO,5720.0,SFO,BOI,2024-08-20 16:32:00,2024-08-20 16:32:00,0.0,17.0,2024-08-20 16:49:00,2024-08-20 18:53:00,3.0,2024-08-20 19:15:00,2024-08-20 18:56:00,-19.0,103.0,84.0,64.0,1.0,8,20,2,278,38,18.9,0.0,9.4,30.6,0.0,18.4,37.619,-122.37484,43.56444,-116.22278
2024-06-22 00:00:00,MQ,3894.0,CVG,ORD,2024-06-22 08:27:00,2024-06-22 08:43:00,16.0,17.0,2024-06-22 09:00:00,2024-06-22 08:47:00,8.0,2024-06-22 08:55:00,2024-06-22 08:55:00,0.0,88.0,72.0,47.0,1.0,6,22,6,78,228,22.2,0.0,0.0,21.7,0.0,7.6,39.04614,-84.66217,41.9796,-87.90446
2024-02-16 00:00:00,WN,2939.0,LAS,BLI,2024-02-16 18:10:00,2024-02-16 18:49:00,39.0,17.0,2024-02-16 19:06:00,2024-02-16 21:17:00,3.0,2024-02-16 20:55:00,2024-02-16 21:20:00,25.0,165.0,151.0,131.0,1.0,2,16,5,174,35,13.9,0.0,5.4,10.0,0.0,20.5,36.08036,-115.15233,48.79275,-122.53753
2024-11-07 00:00:00,OO,5733.0,JAC,DEN,2024-11-07 16:20:00,2024-11-07 16:13:00,-7.0,8.0,2024-11-07 16:21:00,2024-11-07 17:26:00,13.0,2024-11-07 18:09:00,2024-11-07 17:39:00,-30.0,109.0,86.0,65.0,1.0,11,7,4,163,85,-8.3,0.0,9.4,-1.7,1.3,13.0,43.60732,-110.73774,39.85841,-104.667
2024-07-05 00:00:00,DL,954.0,ATL,PDX,2024-07-05 11:20:00,2024-07-05 11:15:00,-5.0,13.0,2024-07-05 11:28:00,2024-07-05 13:27:00,3.0,2024-07-05 13:18:00,2024-07-05 13:30:00,12.0,298.0,315.0,299.0,1.0,7,5,5,20,236,26.1,0.0,0.0,18.9,0.0,0.0,33.64044,-84.42694,45.58872,-122.5975
2024-08-15 00:00:00,UA,2403.0,EWR,LAX,2024-08-15 14:00:00,2024-08-15 13:59:00,-1.0,29.0,2024-08-15 14:28:00,2024-08-15 16:28:00,14.0,2024-08-15 16:41:00,2024-08-15 16:42:00,1.0,341.0,343.0,300.0,1.0,8,15,4,106,176,25.6,0.0,8.3,23.9,0.0,16.6,40.6925,-74.16866,33.94254,-118.40807
2024-05-06 00:00:00,AA,2998.0,ORD,RDU,2024-05-06 18:35:00,2024-05-06 18:28:00,-7.0,20.0,2024-05-06 18:48:00,2024-05-06 21:19:00,3.0,2024-05-06 21:34:00,2024-05-06 21:22:00,-12.0,119.0,114.0,91.0,1.0,5,6,1,228,257,20.0,0.0,18.4,25.6,0.0,13.0,41.9796,-87.90446,35.87764,-78.78747
2024-08-04 00:00:00,WN,3316.0,JAX,BNA,2024-08-04 06:00:00,2024-08-04 05:58:00,-2.0,11.0,2024-08-04 06:09:00,2024-08-04 06:17:00,7.0,2024-08-04 06:35:00,2024-08-04 06:24:00,-11.0,95.0,86.0,68.0,1.0,8,4,7,165,37,27.2,0.0,11.2,23.3,0.0,0.0,30.49406,-81.68786,36.12448,-86.67818
2024-04-29 00:00:00,OO,3894.0,EVV,ATL,2024-04-29 06:12:00,2024-04-29 06:06:00,-6.0,15.0,2024-04-29 06:21:00,2024-04-29 08:18:00,16.0,2024-04-29 08:39:00,2024-04-29 08:34:00,-5.0,87.0,88.0,57.0,1.0,4,29,1,104,20,21.7,0.0,20.5,16.1,0.0,7.6,38.03799,-87.53063,33.64044,-84.42694
2024-04-06 00:00:00,NK,795.0,MCO,SJU,2024-04-06 23:08:00,2024-04-06 23:08:00,0.0,17.0,2024-04-06 23:25:00,2024-04-06 01:40:00,3.0,2024-04-06 01:55:00,2024-04-06 01:43:00,-12.0,167.0,155.0,135.0,1.0,4,6,6,193,285,18.3,0.0,18.4,28.3,0.0,0.0,28.42889,-81.31603,18.43942,-66.00183
2024-09-10 00:00:00,WN,3677.0,TPA,SAT,2024-09-10 13:15:00,2024-09-10 13:14:00,-1.0,7.0,2024-09-10 13:21:00,2024-09-10 14:49:00,3.0,2024-09-10 14:55:00,2024-09-10 14:52:00,-3.0,160.0,158.0,148.0,1.0,9,10,2,303,269,27.2,0.0,7.6,26.1,0.0,14.8,27.97547,-82.53325,29.53369,-98.46978
2024-10-05 00:00:00,OO,3875.0,DTW,IND,2024-10-05 08:35:00,2024-10-05 08:46:00,11.0,22.0,2024-10-05 09:08:00,2024-10-05 09:50:00,6.0,2024-10-05 09:50:00,2024-10-05 09:56:00,6.0,75.0,70.0,42.0,1.0,10,5,6,93,157,8.3,0.0,7.6,15.6,0.0,5.4,42.21206,-83.34884,39.71733,-86.29438
2024-05-31 00:00:00,OO,5622.0,SHV,DEN,2024-05-31 08:58:00,2024-05-31 08:52:00,-6.0,25.0,2024-05-31 09:17:00,2024-05-31 10:16:00,4.0,2024-05-31 10:29:00,2024-05-31 10:20:00,-9.0,151.0,148.0,119.0,1.0,5,31,5,281,85,21.0,0.0,11.2,10.0,0.0,9.4,32.44663,-93.8256,39.85841,-104.667
2024-02-27 00:00:00,WN,3484.0,PWM,BWI,2024-02-27 16:45:00,2024-02-27 16:39:00,-6.0,7.0,2024-02-27 16:46:00,2024-02-27 18:06:00,4.0,2024-02-27 18:30:00,2024-02-27 18:10:00,-20.0,105.0,91.0,80.0,1.0,2,27,2,253,51,7.2,0.0,14.8,17.2,0.0,22.3,43.64617,-70.30875,39.1754,-76.6682
2024-06-21 00:00:00,F9,1357.0,PHL,LAS,2024-06-21 08:24:00,2024-06-21 08:22:00,-2.0,27.0,2024-06-21 08:49:00,2024-06-21 10:32:00,10.0,2024-06-21 11:02:00,2024-06-21 10:42:00,-20.0,338.0,320.0,283.0,1.0,6,21,5,238,174,23.3,0.0,9.4,27.8,0.0,7.6,39.87195,-75.24114,36.08036,-115.15233
2024-02-17 00:00:00,UA,2676.0,IAH,ORF,2024-02-17 18:37:00,2024-02-17 19:20:00,43.0,25.0,2024-02-17 19:45:00,2024-02-17 22:55:00,22.0,2024-02-17 22:30:00,2024-02-17 23:17:00,47.0,173.0,177.0,130.0,1.0,2,17,6,151,229,8.3,0.0,29.5,4.4,0.0,16.6,29.98047,-95.33972,36.89461,-76.20122
2024-01-01 00:00:00,UA,2444.0,ORD,ATL,2024-01-01 10:35:00,2024-01-01 10:35:00,0.0,25.0,2024-01-01 11:00:00,2024-01-01 13:20:00,6.0,2024-01-01 13:42:00,2024-01-01 13:26:00,-16.0,127.0,111.0,80.0,1.0,1,1,1,228,20,-0.6,0.0,18.4,4.4,0.0,9.4,41.9796,-87.90446,33.64044,-84.42694
2024-11-02 00:00:00,F9,2015.0,DEN,LAS,2024-11-02 06:00:00,2024-11-02 05:54:00,-6.0,14.0,2024-11-02 06:08:00,2024-11-02 06:39:00,9.0,2024-11-02 07:08:00,2024-11-02 06:48:00,-20.0,128.0,114.0,91.0,1.0,11,2,6,85,174,2.8,0.0,13.0,14.4,0.0,5.4,39.85841,-104.667,36.08036,-115.15233
2024-06-05 00:00:00,WN,4241.0,PHX,ABQ,2024-06-05 14:05:00,2024-06-05 14:00:00,-5.0,10.0,2024-06-05 14:10:00,2024-06-05 16:01:00,3.0,2024-06-05 16:15:00,2024-06-05 16:04:00,-11.0,70.0,64.0,51.0,1.0,6,5,3,239,2,30.0,0.0,11.2,26.7,0.0,0.0,33.43417,-112.00806,35.04022,-106.60919
2024-12-27 00:00:00,DL,2097.0,ROC,ATL,2024-12-27 12:35:00,2024-12-27 13:02:00,27.0,11.0,2024-12-27 13:13:00,2024-12-27 15:03:00,9.0,2024-12-27 15:01:00,2024-12-27 15:12:00,11.0,146.0,130.0,110.0,1.0,12,27,5,263,20,-3.3,0.0,11.2,7.8,0.0,13.0,43.11887,-77.67238,33.64044,-84.42694
2024-01-19 00:00:00,B6,2701.0,JFK,FLL,2024-01-19 06:30:00,2024-01-19 06:29:00,-1.0,20.0,2024-01-19 06:49:00,2024-01-19 09:31:00,5.0,2024-01-19 09:34:00,2024-01-19 09:36:00,2.0,184.0,187.0,162.0,1.0,1,19,5,166,114,-1.1,0.0,11.2,20.0,0.0,5.4,40.63975,-73.77893,26.07258,-80.15275
2024-10-17 00:00:00,DL,856.0,DFW,LGA,2024-10-17 15:30:00,2024-10-17 15:21:00,-9.0,21.0,2024-10-17 15:42:00,2024-10-17 19:54:00,5.0,2024-10-17 20:00:00,2024-10-17 19:59:00,-1.0,210.0,218.0,192.0,1.0,10,17,4,86,182,17.8,0.0,16.6,13.9,0.0,18.4,32.89595,-97.0372,40.77724,-73.87261
2024-01-18 00:00:00,NK,1119.0,RSW,RIC,2024-01-18 16:58:00,2024-01-18 19:43:00,165.0,11.0,2024-01-18 19:54:00,2024-01-18 21:39:00,8.0,2024-01-18 19:13:00,2024-01-18 21:47:00,154.0,135.0,124.0,105.0,1.0,1,18,4,266,259,23.7,0.0,9.4,8.3,0.0,16.6,26.53617,-81.75517,37.50517,-77.31967
2024-12-27 00:00:00,F9,4000.0,SFO,DFW,2024-12-27 23:59:00,2024-12-27 00:18:00,19.0,24.0,2024-12-27 00:42:00,2024-12-27 05:29:00,10.0,2024-12-27 05:35:00,2024-12-27 05:39:00,4.0,216.0,201.0,167.0,1.0,12,27,5,278,86,15.6,0.0,13.0,10.6,0.0,13.0,37.619,-122.37484,32.89595,-97.0372
2024-06-03 00:00:00,OH,5425.0,PHL,GSP,2024-06-03 08:36:00,2024-06-03 08:26:00,-10.0,23.0,2024-06-03 08:49:00,2024-06-03 10:03:00,3.0,2024-06-03 10:34:00,2024-06-03 10:06:00,-28.0,118.0,100.0,74.0,1.0,6,3,1,238,132,22.2,0.0,9.4,20.0,0.0,6.0,39.87195,-75.24114,34.89567,-82.21886
2024-01-15 00:00:00,AA,2664.0,PIT,DFW,2024-01-15 15:42:00,2024-01-15 15:51:00,9.0,11.0,2024-01-15 16:02:00,2024-01-15 17:54:00,12.0,2024-01-15 17:57:00,2024-01-15 18:06:00,9.0,195.0,195.0,172.0,1.0,1,15,1,243,86,-8.3,0.0,13.0,-7.2,0.0,20.5,40.49147,-80.23287,32.89595,-97.0372
2024-08-07 00:00:00,WN,6829.0,PHX,PDX,2024-08-07 10:50:00,2024-08-07 10:45:00,-5.0,15.0,2024-08-07 11:00:00,2024-08-07 13:14:00,3.0,2024-08-07 13:25:00,2024-08-07 13:17:00,-8.0,155.0,152.0,134.0,1.0,8,7,3,239,236,27.8,0.0,14.8,15.0,0.0,11.2,33.43417,-112.00806,45.58872,-122.5975
2024-01-05 00:00:00,NK,3805.0,PHL,DTW,2024-01-05 19:04:00,2024-01-05 19:37:00,33.0,11.0,2024-01-05 19:48:00,2024-01-05 21:07:00,11.0,2024-01-05 20:55:00,2024-01-05 21:18:00,23.0,111.0,101.0,79.0,1.0,1,5,5,238,93,3.3,0.0,18.4,0.0,0.0,18.4,39.87195,-75.24114,42.21206,-83.34884
2024-08-27 00:00:00,WN,4010.0,MSP,MDW,2024-08-27 15:00:00,2024-08-27 14:56:00,-4.0,12.0,2024-08-27 15:08:00,2024-08-27 16:15:00,7.0,2024-08-27 16:30:00,2024-08-27 16:22:00,-8.0,90.0,86.0,67.0,1.0,8,27,2,216,195,22.2,0.0,20.5,33.9,0.0,14.8,44.88055,-93.21692,41.78598,-87.75242
2024-11-27 00:00:00,WN,2530.0,LGA,DEN,2024-11-27 12:30:00,2024-11-27 12:29:00,-1.0,15.0,2024-11-27 12:44:00,2024-11-27 14:54:00,7.0,2024-11-27 15:00:00,2024-11-27 15:01:00,1.0,270.0,272.0,250.0,1.0,11,27,3,182,85,7.2,0.0,8.3,-1.1,0.5,27.7,40.77724,-73.87261,39.85841,-104.667
2024-08-13 00:00:00,UA,1864.0,EWR,BOS,2024-08-13 11:59:00,2024-08-13 11:57:00,-2.0,21.0,2024-08-13 12:18:00,2024-08-13 13:00:00,4.0,2024-08-13 13:15:00,2024-08-13 13:04:00,-11.0,76.0,67.0,42.0,1.0,8,13,2,106,39,19.2,0.0,10.8,21.7,0.0,16.6,40.6925,-74.16866,42.36435,-71.00518
2024-06-29 00:00:00,AS,672.0,SAN,SFO,2024-06-29 13:15:00,2024-06-29 13:42:00,27.0,20.0,2024-06-29 14:02:00,2024-06-29 15:05:00,5.0,2024-06-29 14:55:00,2024-06-29 15:10:00,15.0,100.0,88.0,63.0,1.0,6,29,6,268,278,18.3,0.0,7.6,16.1,0.0,9.4,32.73356,-117.18966,37.619,-122.37484
2024-05-15 00:00:00,UA,2166.0,PHX,SFO,2024-05-15 07:30:00,2024-05-15 08:00:00,30.0,26.0,2024-05-15 08:26:00,2024-05-15 10:01:00,6.0,2024-05-15 09:41:00,2024-05-15 10:07:00,26.0,131.0,127.0,95.0,1.0,5,15,3,239,278,27.8,0.0,5.4,12.2,0.0,5.4,33.43417,-112.00806,37.619,-122.37484
2024-12-27 00:00:00,OO,3806.0,SLC,MFR,2024-12-27 11:00:00,2024-12-27 11:00:00,0.0,21.0,2024-12-27 11:21:00,2024-12-27 12:06:00,2.0,2024-12-27 12:07:00,2024-12-27 12:08:00,1.0,127.0,128.0,105.0,1.0,12,27,5,286,199,2.8,0.0,13.0,6.7,1.0,5.4,40.78839,-111.97777,42.37423,-122.8735
2024-09-27 00:00:00,WN,2708.0,BWI,ORD,2024-09-27 20:20:00,2024-09-27 20:57:00,37.0,30.0,2024-09-27 21:27:00,2024-09-27 22:07:00,14.0,2024-09-27 21:30:00,2024-09-27 22:21:00,51.0,130.0,144.0,100.0,1.0,9,27,5,51,228,22.2,0.5,25.9,21.1,0.0,46.4,39.1754,-76.6682,41.9796,-87.90446
2024-10-17 00:00:00,OO,4292.0,RHI,MSP,2024-10-17 06:45:00,2024-10-17 06:37:00,-8.0,8.0,2024-10-17 06:45:00,2024-10-17 07:24:00,5.0,2024-10-17 07:58:00,2024-10-17 07:29:00,-29.0,73.0,52.0,39.0,1.0,10,17,4,258,216,5.0,0.0,13.0,8.3,0.0,20.5,45.63119,-89.46745,44.88055,-93.21692
2024-10-21 00:00:00,DL,843.0,ATL,SAN,2024-10-21 14:00:00,2024-10-21 14:11:00,11.0,21.0,2024-10-21 14:32:00,2024-10-21 15:42:00,4.0,2024-10-21 15:34:00,2024-10-21 15:46:00,12.0,274.0,275.0,250.0,1.0,10,21,1,20,268,18.3,0.0,5.4,22.8,0.0,0.0,33.64044,-84.42694,32.73356,-117.18966
2024-09-22 00:00:00,F9,3512.0,ATL,BOS,2024-09-22 21:57:00,2024-09-22 22:41:00,44.0,20.0,2024-09-22 23:01:00,2024-09-22 01:07:00,15.0,2024-09-22 00:29:00,2024-09-22 01:22:00,53.0,152.0,161.0,126.0,1.0,9,22,7,20,39,32.8,0.0,9.4,14.4,1.0,24.1,33.64044,-84.42694,42.36435,-71.00518
2024-01-03 00:00:00,NK,3139.0,DEN,MIA,2024-01-03 10:33:00,2024-01-03 11:05:00,32.0,26.0,2024-01-03 11:31:00,2024-01-03 16:48:00,14.0,2024-01-03 16:28:00,2024-01-03 17:02:00,34.0,235.0,237.0,197.0,1.0,1,3,3,85,203,-7.8,0.0,9.4,22.2,0.0,24.1,39.85841,-104.667,25.79325,-80.29056
2024-05-07 00:00:00,DL,1547.0,OMA,ATL,2024-05-07 15:04:00,2024-05-07 15:00:00,-4.0,11.0,2024-05-07 15:11:00,2024-05-07 17:52:00,5.0,2024-05-07 18:22:00,2024-05-07 17:57:00,-25.0,138.0,117.0,101.0,1.0,5,7,2,225,20,20.0,0.0,20.5,27.8,0.0,14.8,41.30252,-95.89417,33.64044,-84.42694
2024-01-30 00:00:00,HA,5.0,LAS,HNL,2024-01-30 17:20:00,2024-01-30 17:22:00,2.0,12.0,2024-01-30 17:34:00,2024-01-30 21:44:00,12.0,2024-01-30 21:55:00,2024-01-30 21:56:00,1.0,395.0,394.0,370.0,1.0,1,30,2,174,141,15.0,0.0,5.4,26.1,0.0,11.2,36.08036,-115.15233,21.31869,-157.92241
2024-10-12 00:00:00,AA,1618.0,LAX,CLT,2024-10-12 22:18:00,2024-10-12 22:12:00,-6.0,15.0,2024-10-12 22:27:00,2024-10-12 05:21:00,8.0,2024-10-12 05:57:00,2024-10-12 05:29:00,-28.0,279.0,257.0,234.0,1.0,10,12,6,176,66,19.4,0.0,18.4,11.7,0.0,0.0,33.94254,-118.40807,35.21401,-80.94313
2024-07-27 00:00:00,WN,148.0,TUS,HOU,2024-07-27 05:05:00,2024-07-27 05:01:00,-4.0,8.0,2024-07-27 05:09:00,2024-07-27 09:06:00,31.0,2024-07-27 09:25:00,2024-07-27 09:37:00,12.0,140.0,156.0,117.0,1.0,7,27,6,307,143,32.2,0.0,9.4,26.0,2.0,13.0,32.11608,-110.94103,29.64542,-95.27889
2024-02-01 00:00:00,B6,551.0,BOS,MCO,2024-02-01 06:00:00,2024-02-01 06:02:00,2.0,17.0,2024-02-01 06:19:00,2024-02-01 08:54:00,9.0,2024-02-01 09:25:00,2024-02-01 09:03:00,-22.0,205.0,181.0,155.0,1.0,2,1,4,39,193,1.1,0.0,14.8,9.4,0.0,7.6,42.36435,-71.00518,28.42889,-81.31603
2024-06-22 00:00:00,AS,678.0,SEA,LAS,2024-06-22 13:14:00,2024-06-22 13:32:00,18.0,16.0,2024-06-22 13:48:00,2024-06-22 15:46:00,6.0,2024-06-22 15:50:00,2024-06-22 15:52:00,2.0,156.0,140.0,118.0,1.0,6,22,6,277,174,13.3,0.0,9.4,37.2,0.0,7.6,47.44898,-122.30931,36.08036,-115.15233
2024-08-08 00:00:00,WN,1312.0,HOU,PIT,2024-08-08 13:55:00,2024-08-08 13:51:00,-4.0,9.0,2024-08-08 14:00:00,2024-08-08 17:22:00,24.0,2024-08-08 17:40:00,2024-08-08 17:46:00,6.0,165.0,175.0,142.0,1.0,8,8,4,143,243,31.1,0.0,13.0,28.3,0.0,11.2,29.64542,-95.27889,40.49147,-80.23287
2024-01-17 00:00:00,UA,367.0,DEN,BOI,2024-01-17 19:20:00,2024-01-17 19:45:00,25.0,15.0,2024-01-17 20:00:00,2024-01-17 21:43:00,7.0,2024-01-17 21:30:00,2024-01-17 21:50:00,20.0,130.0,125.0,103.0,1.0,1,17,3,85,38,5.0,0.0,7.6,-3.3,0.5,5.4,39.85841,-104.667,43.56444,-116.22278
2024-09-29 00:00:00,DL,2232.0,LEX,ATL,2024-09-29 10:28:00,2024-09-29 10:26:00,-2.0,10.0,2024-09-29 10:36:00,2024-09-29 11:39:00,6.0,2024-09-29 11:58:00,2024-09-29 11:45:00,-13.0,90.0,79.0,63.0,1.0,9,29,7,180,20,18.3,0.0,5.4,17.8,0.0,5.4,38.03697,-84.60539,33.64044,-84.42694
2024-09-28 00:00:00,F9,3782.0,ATL,TPA,2024-09-28 21:10:00,2024-09-28 21:48:00,38.0,26.0,2024-09-28 22:14:00,2024-09-28 23:14:00,6.0,2024-09-28 22:39:00,2024-09-28 23:20:00,41.0,89.0,92.0,60.0,1.0,9,28,6,20,303,23.3,0.0,9.4,27.8,0.0,9.4,33.64044,-84.42694,27.97547,-82.53325
2024-08-25 00:00:00,YX,5768.0,DCA,LGA,2024-08-25 20:35:00,2024-08-25 20:29:00,-6.0,23.0,2024-08-25 20:52:00,2024-08-25 21:36:00,8.0,2024-08-25 21:54:00,2024-08-25 21:44:00,-10.0,79.0,75.0,44.0,1.0,8,25,7,84,182,30.0,0.0,22.3,25.6,0.0,20.9,38.85208,-77.03772,40.77724,-73.87261
2024-04-30 00:00:00,WN,6006.0,PHX,SJC,2024-04-30 16:20:00,2024-04-30 16:18:00,-2.0,14.0,2024-04-30 16:32:00,2024-04-30 18:05:00,2.0,2024-04-30 18:15:00,2024-04-30 18:07:00,-8.0,115.0,109.0,93.0,1.0,4,30,2,239,283,27.8,0.0,5.4,19.4,0.0,16.6,33.43417,-112.00806,37.36186,-121.92901
2024-07-12 00:00:00,WN,550.0,DEN,LGA,2024-07-12 09:50:00,2024-07-12 11:56:00,126.0,17.0,2024-07-12 12:13:00,2024-07-12 17:28:00,14.0,2024-07-12 15:35:00,2024-07-12 17:42:00,127.0,225.0,226.0,195.0,1.0,7,12,5,85,182,17.8,0.0,14.8,26.7,0.0,0.0,39.85841,-104.667,40.77724,-73.87261
2024-10-22 00:00:00,MQ,3826.0,DFW,SHV,2024-10-22 21:37:00,2024-10-22 21:27:00,-10.0,18.0,2024-10-22 21:45:00,2024-10-22 22:18:00,5.0,2024-10-22 22:38:00,2024-10-22 22:23:00,-15.0,61.0,56.0,33.0,1.0,10,22,2,86,281,31.1,0.0,22.3,23.9,0.0,9.4,32.89595,-97.0372,32.44663,-93.8256
2024-11-02 00:00:00,MQ,3532.0,RAP,DFW,2024-11-02 16:26:00,2024-11-02 16:26:00,0.0,12.0,2024-11-02 16:38:00,2024-11-02 19:42:00,14.0,2024-11-02 19:55:00,2024-11-02 19:56:00,1.0,149.0,150.0,124.0,1.0,11,2,6,254,86,6.7,0.0,24.1,25.0,0.0,22.3,44.04532,-103.05737,32.89595,-97.0372
2024-12-28 00:00:00,B6,883.0,JFK,MCO,2024-12-28 15:45:00,2024-12-28 16:14:00,29.0,14.0,2024-12-28 16:28:00,2024-12-28 18:55:00,10.0,2024-12-28 18:47:00,2024-12-28 19:05:00,18.0,182.0,171.0,147.0,1.0,12,28,6,166,193,10.0,1.5,11.2,24.4,0.0,22.3,40.63975,-73.77893,28.42889,-81.31603
2024-10-05 00:00:00,OO,6335.0,SBN,DFW,2024-10-05 07:33:00,2024-10-05 07:32:00,-1.0,14.0,2024-10-05 07:46:00,2024-10-05 08:42:00,15.0,2024-10-05 09:10:00,2024-10-05 08:57:00,-13.0,157.0,145.0,116.0,1.0,10,5,6,272,86,12.2,0.0,9.4,21.1,0.0,5.4,41.70895,-86.31847,32.89595,-97.0372
2024-02-06 00:00:00,B6,1901.0,BUF,JFK,2024-02-06 11:24:00,2024-02-06 13:23:00,119.0,8.0,2024-02-06 13:31:00,2024-02-06 14:25:00,7.0,2024-02-06 12:54:00,2024-02-06 14:32:00,98.0,90.0,69.0,54.0,1.0,2,6,2,49,166,-5.0,0.0,0.0,0.0,0.0,25.9,42.94052,-78.73217,40.63975,-73.77893
2024-06-03 00:00:00,UA,1658.0,ORD,EWR,2024-06-03 06:00:00,2024-06-03 05:58:00,-2.0,18.0,2024-06-03 06:16:00,2024-06-03 08:50:00,11.0,2024-06-03 09:21:00,2024-06-03 09:01:00,-20.0,141.0,123.0,94.0,1.0,6,3,1,228,106,15.0,0.0,0.0,22.0,0.0,0.0,41.9796,-87.90446,40.6925,-74.16866
2024-10-29 00:00:00,AA,1636.0,IAH,ORD,2024-10-29 13:09:00,2024-10-29 13:04:00,-5.0,11.0,2024-10-29 13:15:00,2024-10-29 15:18:00,12.0,2024-10-29 15:50:00,2024-10-29 15:30:00,-20.0,161.0,146.0,123.0,1.0,10,29,2,151,228,25.6,0.0,20.5,24.4,0.0,25.9,29.98047,-95.33972,41.9796,-87.90446
2024-08-02 00:00:00,WN,2267.0,DEN,SFO,2024-08-02 19:00:00,2024-08-02 20:09:00,69.0,14.0,2024-08-02 20:23:00,2024-08-02 21:28:00,5.0,2024-08-02 20:35:00,2024-08-02 21:33:00,58.0,155.0,144.0,125.0,1.0,8,2,5,85,278,37.2,0.0,7.6,17.8,0.0,33.5,39.85841,-104.667,37.619,-122.37484
2024-06-06 00:00:00,MQ,3961.0,TUS,PHX,2024-06-06 15:00:00,2024-06-06 14:59:00,-1.0,15.0,2024-06-06 15:14:00,2024-06-06 15:37:00,13.0,2024-06-06 15:55:00,2024-06-06 15:50:00,-5.0,55.0,51.0,23.0,1.0,6,6,4,307,239,27.8,0.0,0.0,36.1,0.0,7.6,32.11608,-110.94103,33.43417,-112.00806
2024-11-16 00:00:00,9E,5095.0,ATL,HPN,2024-11-16 15:43:00,2024-11-16 15:38:00,-5.0,15.0,2024-11-16 15:53:00,2024-11-16 17:53:00,5.0,2024-11-16 18:00:00,2024-11-16 17:58:00,-2.0,137.0,140.0,120.0,1.0,11,16,6,20,144,16.7,0.0,9.4,16.7,0.0,35.3,33.64044,-84.42694,41.06696,-73.70757
2024-02-26 00:00:00,DL,2021.0,MCO,ATL,2024-02-26 05:00:00,2024-02-26 04:59:00,-1.0,15.0,2024-02-26 05:14:00,2024-02-26 06:20:00,20.0,2024-02-26 06:37:00,2024-02-26 06:40:00,3.0,97.0,101.0,66.0,1.0,2,26,1,193,20,11.7,0.0,0.0,5.0,0.0,0.0,28.42889,-81.31603,33.64044,-84.42694
2024-10-25 00:00:00,AA,3083.0,ATL,PHL,2024-10-25 14:44:00,2024-10-25 14:41:00,-3.0,17.0,2024-10-25 14:58:00,2024-10-25 16:39:00,8.0,2024-10-25 16:52:00,2024-10-25 16:47:00,-5.0,128.0,126.0,101.0,1.0,10,25,5,20,238,20.0,0.0,0.0,16.1,0.0,13.0,33.64044,-84.42694,39.87195,-75.24114
2024-04-07 00:00:00,NK,1855.0,DTW,DFW,2024-04-07 20:23:00,2024-04-07 20:18:00,-5.0,12.0,2024-04-07 20:30:00,2024-04-07 22:04:00,9.0,2024-04-07 22:30:00,2024-04-07 22:13:00,-17.0,187.0,175.0,154.0,1.0,4,7,7,93,86,13.3,0.0,22.3,25.6,0.0,18.4,42.21206,-83.34884,32.89595,-97.0372
2024-06-28 00:00:00,WN,4666.0,ONT,SMF,2024-06-28 10:35:00,2024-06-28 10:33:00,-2.0,15.0,2024-06-28 10:48:00,2024-06-28 11:48:00,4.0,2024-06-28 11:55:00,2024-06-28 11:52:00,-3.0,80.0,79.0,60.0,1.0,6,28,5,227,287,17.0,0.0,6.0,14.4,0.0,0.0,34.056,-117.60119,38.69542,-121.59077
2024-06-30 00:00:00,NK,426.0,LAS,PDX,2024-06-30 07:40:00,2024-06-30 07:36:00,-4.0,18.0,2024-06-30 07:54:00,2024-06-30 09:39:00,14.0,2024-06-30 09:58:00,2024-06-30 09:53:00,-5.0,138.0,137.0,105.0,1.0,6,30,7,174,236,32.2,0.0,16.6,18.9,0.0,11.2,36.08036,-115.15233,45.58872,-122.5975
2024-11-29 00:00:00,DL,881.0,MSP,SEA,2024-11-29 18:45:00,2024-11-29 19:00:00,15.0,34.0,2024-11-29 19:34:00,2024-11-29 20:57:00,4.0,2024-11-29 21:00:00,2024-11-29 21:01:00,1.0,255.0,241.0,203.0,1.0,11,29,5,216,277,-7.2,0.0,22.3,5.0,0.0,9.4,44.88055,-93.21692,47.44898,-122.30931
2024-06-10 00:00:00,DL,2197.0,MSY,SLC,2024-06-10 19:20:00,2024-06-10 19:25:00,5.0,9.0,2024-06-10 19:34:00,2024-06-10 21:28:00,11.0,2024-06-10 21:59:00,2024-06-10 21:39:00,-20.0,219.0,194.0,174.0,1.0,6,10,1,217,286,33.9,0.0,0.0,30.6,0.0,22.3,29.99339,-90.25803,40.78839,-111.97777
2024-07-02 00:00:00,DL,1062.0,MSP,ATL,2024-07-02 05:15:00,2024-07-02 05:09:00,-6.0,13.0,2024-07-02 05:22:00,2024-07-02 08:17:00,10.0,2024-07-02 08:48:00,2024-07-02 08:27:00,-21.0,153.0,138.0,115.0,1.0,7,2,2,216,20,17.2,0.0,16.6,26.1,0.0,16.6,44.88055,-93.21692,33.64044,-84.42694
2024-05-29 00:00:00,DL,2681.0,DAB,ATL,2024-05-29 11:24:00,2024-05-29 11:15:00,-9.0,17.0,2024-05-29 11:32:00,2024-05-29 12:29:00,5.0,2024-05-29 12:52:00,2024-05-29 12:34:00,-18.0,88.0,79.0,57.0,1.0,5,29,3,80,20,25.6,0.0,7.6,23.9,0.0,11.2,29.17992,-81.05806,33.64044,-84.42694
2024-02-27 00:00:00,AA,2047.0,MIA,LGA,2024-02-27 12:00:00,2024-02-27 12:00:00,0.0,26.0,2024-02-27 12:26:00,2024-02-27 15:14:00,5.0,2024-02-27 14:59:00,2024-02-27 15:19:00,20.0,179.0,199.0,168.0,1.0,2,27,2,203,182,20.6,0.0,13.0,8.9,0.0,11.2,25.79325,-80.29056,40.77724,-73.87261
2024-10-08 00:00:00,AS,312.0,SEA,OMA,2024-10-08 09:02:00,2024-10-08 09:00:00,-2.0,18.0,2024-10-08 09:18:00,2024-10-08 14:06:00,4.0,2024-10-08 14:17:00,2024-10-08 14:10:00,-7.0,195.0,190.0,168.0,1.0,10,8,2,277,225,14.4,0.0,16.6,14.4,0.0,13.0,47.44898,-122.30931,41.30252,-95.89417
2024-12-28 00:00:00,WN,1879.0,BWI,PVD,2024-12-28 22:50:00,2024-12-28 23:24:00,34.0,12.0,2024-12-28 23:36:00,2024-12-28 00:29:00,5.0,2024-12-28 00:05:00,2024-12-28 00:34:00,29.0,75.0,70.0,53.0,1.0,12,28,6,51,252,9.4,0.0,5.4,0.6,0.0,5.4,39.1754,-76.6682,41.724,-71.42822
2024-12-31 00:00:00,WN,450.0,LAS,ORD,2024-12-31 09:35:00,2024-12-31 09:33:00,-2.0,12.0,2024-12-31 09:45:00,2024-12-31 14:37:00,33.0,2024-12-31 15:20:00,2024-12-31 15:10:00,-10.0,225.0,217.0,172.0,1.0,12,31,2,174,228,7.8,0.0,5.4,3.3,2.5,24.1,36.08036,-115.15233,41.9796,-87.90446
2024-05-03 00:00:00,DL,1165.0,ATL,SAV,2024-05-03 18:15:00,2024-05-03 18:14:00,-1.0,17.0,2024-05-03 18:31:00,2024-05-03 19:11:00,6.0,2024-05-03 19:20:00,2024-05-03 19:17:00,-3.0,65.0,63.0,40.0,1.0,5,3,5,20,270,29.4,0.0,18.4,28.8,0.0,14.8,33.64044,-84.42694,32.12758,-81.20214
2024-12-26 00:00:00,UA,1748.0,ORD,DEN,2024-12-26 21:40:00,2024-12-26 22:00:00,20.0,22.0,2024-12-26 22:22:00,2024-12-26 23:35:00,12.0,2024-12-26 23:34:00,2024-12-26 23:47:00,13.0,174.0,167.0,133.0,1.0,12,26,4,228,85,8.3,0.0,20.5,4.4,0.0,7.6,41.9796,-87.90446,39.85841,-104.667
2024-06-07 00:00:00,F9,4856.0,DEN,IAH,2024-06-07 18:00:00,2024-06-07 18:15:00,15.0,12.0,2024-06-07 18:27:00,2024-06-07 21:25:00,12.0,2024-06-07 21:41:00,2024-06-07 21:37:00,-4.0,161.0,142.0,118.0,1.0,6,7,5,85,151,33.9,0.0,22.3,33.9,0.0,13.0,39.85841,-104.667,29.98047,-95.33972
2024-05-02 00:00:00,YX,4474.0,BOS,PHL,2024-05-02 16:00:00,2024-05-02 15:54:00,-6.0,22.0,2024-05-02 16:16:00,2024-05-02 17:21:00,7.0,2024-05-02 17:34:00,2024-05-02 17:28:00,-6.0,94.0,94.0,65.0,1.0,5,2,4,39,238,16.7,0.0,14.8,31.1,0.0,24.1,42.36435,-71.00518,39.87195,-75.24114
2024-10-05 00:00:00,WN,1537.0,DEN,TPA,2024-10-05 10:05:00,2024-10-05 10:02:00,-3.0,28.0,2024-10-05 10:30:00,2024-10-05 15:27:00,5.0,2024-10-05 15:30:00,2024-10-05 15:32:00,2.0,205.0,210.0,177.0,1.0,10,5,6,85,303,17.8,0.0,20.5,30.6,0.0,14.8,39.85841,-104.667,27.97547,-82.53325
2024-08-20 00:00:00,WN,1382.0,SJC,PDX,2024-08-20 12:15:00,2024-08-20 12:10:00,-5.0,9.0,2024-08-20 12:19:00,2024-08-20 13:36:00,5.0,2024-08-20 14:00:00,2024-08-20 13:41:00,-19.0,105.0,91.0,77.0,1.0,8,20,2,283,236,15.6,0.0,0.0,16.1,0.0,7.6,37.36186,-121.92901,45.58872,-122.5975
2024-07-12 00:00:00,DL,856.0,LGA,DFW,2024-07-12 11:30:00,2024-07-12 11:21:00,-9.0,83.0,2024-07-12 12:44:00,2024-07-12 14:50:00,11.0,2024-07-12 14:19:00,2024-07-12 15:01:00,42.0,229.0,280.0,186.0,1.0,7,12,5,182,86,22.8,1.2,0.0,30.6,0.0,13.0,40.77724,-73.87261,32.89595,-97.0372
2024-07-30 00:00:00,B6,578.0,SFO,FLL,2024-07-30 10:45:00,2024-07-30 10:42:00,-3.0,18.0,2024-07-30 11:00:00,2024-07-30 19:19:00,3.0,2024-07-30 19:28:00,2024-07-30 19:22:00,-6.0,343.0,340.0,319.0,1.0,7,30,2,278,114,14.4,0.0,11.2,31.7,0.0,20.5,37.619,-122.37484,26.07258,-80.15275
2024-11-04 00:00:00,WN,1578.0,SAN,LAS,2024-11-04 14:45:00,2024-11-04 14:45:00,0.0,12.0,2024-11-04 14:57:00,2024-11-04 15:46:00,8.0,2024-11-04 16:05:00,2024-11-04 15:54:00,-11.0,80.0,69.0,49.0,1.0,11,4,1,268,174,12.2,0.0,0.0,13.9,0.0,33.5,32.73356,-117.18966,36.08036,-115.15233
2024-11-07 00:00:00,UA,1176.0,IAH,RSW,2024-11-07 09:30:00,2024-11-07 09:25:00,-5.0,14.0,2024-11-07 09:39:00,2024-11-07 12:36:00,5.0,2024-11-07 12:47:00,2024-11-07 12:41:00,-6.0,137.0,136.0,117.0,1.0,11,7,4,151,266,24.4,0.0,11.2,26.1,0.0,20.5,29.98047,-95.33972,26.53617,-81.75517
2024-09-24 00:00:00,UA,1966.0,LAX,IAH,2024-09-24 00:30:00,2024-09-24 00:18:00,-12.0,21.0,2024-09-24 00:39:00,2024-09-24 05:13:00,5.0,2024-09-24 05:53:00,2024-09-24 05:18:00,-35.0,203.0,180.0,154.0,1.0,9,24,2,176,151,17.2,0.0,22.3,25.6,0.0,0.0,33.94254,-118.40807,29.98047,-95.33972
2024-06-18 00:00:00,NK,2704.0,DFW,ORD,2024-06-18 13:30:00,2024-06-18 13:29:00,-1.0,18.0,2024-06-18 13:47:00,2024-06-18 15:32:00,39.0,2024-06-18 16:02:00,2024-06-18 16:11:00,9.0,152.0,162.0,105.0,1.0,6,18,2,86,228,26.1,0.0,22.3,29.4,0.0,24.1,32.89595,-97.0372,41.9796,-87.90446
2024-05-25 00:00:00,DL,2950.0,BWI,ATL,2024-05-25 06:00:00,2024-05-25 06:06:00,6.0,12.0,2024-05-25 06:18:00,2024-05-25 07:36:00,9.0,2024-05-25 07:51:00,2024-05-25 07:45:00,-6.0,111.0,99.0,78.0,1.0,5,25,6,51,20,20.0,0.0,7.6,19.4,0.0,0.0,39.1754,-76.6682,33.64044,-84.42694
2024-11-08 00:00:00,DL,3198.0,ATL,PNS,2024-11-08 10:10:00,2024-11-08 10:30:00,20.0,20.0,2024-11-08 10:50:00,2024-11-08 10:39:00,4.0,2024-11-08 10:20:00,2024-11-08 10:43:00,23.0,70.0,73.0,49.0,1.0,11,8,5,20,245,18.9,0.0,5.4,22.8,0.0,11.2,33.64044,-84.42694,30.47331,-87.18744
2024-02-27 00:00:00,AA,1627.0,DCA,MIA,2024-02-27 11:38:00,2024-02-27 11:33:00,-5.0,27.0,2024-02-27 12:00:00,2024-02-27 13:59:00,7.0,2024-02-27 14:23:00,2024-02-27 14:06:00,-17.0,165.0,153.0,119.0,1.0,2,27,2,84,203,6.7,0.0,0.0,23.9,0.0,20.5,38.85208,-77.03772,25.79325,-80.29056
2024-12-03 00:00:00,DL,2646.0,ORD,BOS,2024-12-03 18:50:00,2024-12-03 18:46:00,-4.0,17.0,2024-12-03 19:03:00,2024-12-03 21:49:00,6.0,2024-12-03 22:22:00,2024-12-03 21:55:00,-27.0,152.0,129.0,106.0,1.0,12,3,2,228,39,-1.0,0.0,19.0,1.1,0.0,18.4,41.9796,-87.90446,42.36435,-71.00518
2024-10-05 00:00:00,9E,5418.0,ATL,CHO,2024-10-05 09:41:00,2024-10-05 09:37:00,-4.0,14.0,2024-10-05 09:51:00,2024-10-05 10:53:00,7.0,2024-10-05 11:16:00,2024-10-05 11:00:00,-16.0,95.0,83.0,62.0,1.0,10,5,6,20,59,17.8,0.0,0.0,15.0,0.0,0.0,33.64044,-84.42694,38.13864,-78.45286
2024-01-23 00:00:00,DL,490.0,ATL,LGA,2024-01-23 20:30:00,2024-01-23 20:26:00,-4.0,12.0,2024-01-23 20:38:00,2024-01-23 22:08:00,6.0,2024-01-23 22:45:00,2024-01-23 22:14:00,-31.0,135.0,108.0,90.0,1.0,1,23,2,20,182,11.1,0.0,14.8,4.0,0.0,6.8,33.64044,-84.42694,40.77724,-73.87261
2024-07-14 00:00:00,OO,4845.0,DFW,ACT,2024-07-14 09:09:00,2024-07-14 09:00:00,-9.0,34.0,2024-07-14 09:34:00,2024-07-14 09:53:00,4.0,2024-07-14 10:02:00,2024-07-14 09:57:00,-5.0,53.0,57.0,19.0,1.0,7,14,7,86,6,25.6,0.0,18.4,22.2,0.0,5.4,32.89595,-97.0372,31.61129,-97.23052
2024-09-16 00:00:00,AA,1244.0,DCA,DFW,2024-09-16 15:26:00,2024-09-16 15:23:00,-3.0,26.0,2024-09-16 15:49:00,2024-09-16 17:16:00,14.0,2024-09-16 17:59:00,2024-09-16 17:30:00,-29.0,213.0,187.0,147.0,1.0,9,16,1,84,86,24.4,0.0,20.5,30.6,0.0,13.0,38.85208,-77.03772,32.89595,-97.0372
2024-06-18 00:00:00,DL,1290.0,CVG,ATL,2024-06-18 09:45:00,2024-06-18 09:42:00,-3.0,7.0,2024-06-18 09:49:00,2024-06-18 10:58:00,9.0,2024-06-18 11:18:00,2024-06-18 11:07:00,-11.0,93.0,85.0,69.0,1.0,6,18,2,78,20,23.3,0.0,9.4,23.3,0.0,11.2,39.04614,-84.66217,33.64044,-84.42694
2024-07-16 00:00:00,MQ,3645.0,ORD,CLE,2024-07-16 13:25:00,2024-07-16 13:23:00,-2.0,24.0,2024-07-16 13:47:00,2024-07-16 15:38:00,18.0,2024-07-16 15:42:00,2024-07-16 15:56:00,14.0,77.0,93.0,51.0,1.0,7,16,2,228,64,23.3,0.0,9.4,28.9,0.0,13.0,41.9796,-87.90446,41.41089,-81.8494
2024-08-11 00:00:00,UA,1913.0,IAH,LAS,2024-08-11 12:03:00,2024-08-11 13:44:00,101.0,15.0,2024-08-11 13:59:00,2024-08-11 14:31:00,8.0,2024-08-11 13:16:00,2024-08-11 14:39:00,83.0,193.0,175.0,152.0,1.0,8,11,7,151,174,26.7,0.0,7.6,32.2,0.0,13.0,29.98047,-95.33972,36.08036,-115.15233
2024-11-17 00:00:00,DL,879.0,PDX,ATL,2024-11-17 12:05:00,2024-11-17 12:00:00,-5.0,13.0,2024-11-17 12:13:00,2024-11-17 19:22:00,8.0,2024-11-17 19:44:00,2024-11-17 19:30:00,-14.0,279.0,270.0,249.0,1.0,11,17,7,236,20,11.1,0.8,29.5,21.1,0.0,0.0,45.58872,-122.5975,33.64044,-84.42694
2024-09-10 00:00:00,OO,4644.0,CRW,ORD,2024-09-10 17:45:00,2024-09-10 17:38:00,-7.0,15.0,2024-09-10 17:53:00,2024-09-10 18:00:00,38.0,2024-09-10 18:40:00,2024-09-10 18:38:00,-2.0,115.0,120.0,67.0,1.0,9,10,2,76,228,27.8,0.0,7.6,27.2,0.0,18.4,38.37315,-81.59319,41.9796,-87.90446
2024-11-19 00:00:00,B6,913.0,HPN,FLL,2024-11-19 07:30:00,2024-11-19 07:22:00,-8.0,9.0,2024-11-19 07:31:00,2024-11-19 09:54:00,4.0,2024-11-19 10:32:00,2024-11-19 09:58:00,-34.0,182.0,156.0,143.0,1.0,11,19,2,144,114,3.9,0.0,9.4,24.4,0.0,11.2,41.06696,-73.70757,26.07258,-80.15275
2024-02-05 00:00:00,UA,2463.0,OMA,ORD,2024-02-05 11:31:00,2024-02-05 11:25:00,-6.0,12.0,2024-02-05 11:37:00,2024-02-05 12:43:00,18.0,2024-02-05 13:13:00,2024-02-05 13:01:00,-12.0,102.0,96.0,66.0,1.0,2,5,1,225,228,-2.8,0.0,13.0,0.6,0.0,13.0,41.30252,-95.89417,41.9796,-87.90446
2024-04-28 00:00:00,HA,510.0,OGG,ITO,2024-04-28 17:44:00,2024-04-28 17:44:00,0.0,8.0,2024-04-28 17:52:00,2024-04-28 18:20:00,4.0,2024-04-28 18:23:00,2024-04-28 18:24:00,1.0,39.0,40.0,28.0,1.0,4,28,7,223,162,24.4,0.0,13.0,22.8,0.0,13.0,20.89865,-156.43046,19.72026,-155.04847
2024-09-03 00:00:00,YX,3652.0,EWR,GSP,2024-09-03 07:00:00,2024-09-03 06:52:00,-8.0,26.0,2024-09-03 07:18:00,2024-09-03 08:49:00,4.0,2024-09-03 09:06:00,2024-09-03 08:53:00,-13.0,126.0,121.0,91.0,1.0,9,3,2,106,132,17.8,0.0,7.6,21.1,0.0,20.5,40.6925,-74.16866,34.89567,-82.21886
2024-12-31 00:00:00,B6,2317.0,BOS,JFK,2024-12-31 20:40:00,2024-12-31 20:28:00,-12.0,28.0,2024-12-31 20:56:00,2024-12-31 21:41:00,51.0,2024-12-31 22:02:00,2024-12-31 22:32:00,30.0,82.0,124.0,45.0,1.0,12,31,2,39,166,5.6,0.0,7.6,8.9,0.0,18.4,42.36435,-71.00518,40.63975,-73.77893
2024-02-08 00:00:00,OO,5537.0,IAH,MAF,2024-02-08 19:50:00,2024-02-08 19:49:00,-1.0,19.0,2024-02-08 20:08:00,2024-02-08 21:26:00,2.0,2024-02-08 21:30:00,2024-02-08 21:28:00,-2.0,100.0,99.0,78.0,1.0,2,8,4,151,190,23.3,0.3,24.1,15.0,0.0,22.3,29.98047,-95.33972,31.94253,-102.20191
2024-01-03 00:00:00,YX,3484.0,OMA,ORD,2024-01-03 11:23:00,2024-01-03 11:19:00,-4.0,19.0,2024-01-03 11:38:00,2024-01-03 12:53:00,5.0,2024-01-03 13:15:00,2024-01-03 12:58:00,-17.0,112.0,99.0,75.0,1.0,1,3,3,225,228,-6.7,0.0,7.6,0.0,0.0,11.2,41.30252,-95.89417,41.9796,-87.90446
2024-01-18 00:00:00,B6,2020.0,FLL,ORH,2024-01-18 13:37:00,2024-01-18 13:34:00,-3.0,13.0,2024-01-18 13:47:00,2024-01-18 16:12:00,6.0,2024-01-18 16:43:00,2024-01-18 16:18:00,-25.0,186.0,164.0,145.0,1.0,1,18,4,114,230,24.4,0.0,29.5,-3.9,0.0,20.5,26.07258,-80.15275,42.26734,-71.87571
2024-05-08 00:00:00,AA,2581.0,MKE,DFW,2024-05-08 11:21:00,2024-05-08 12:47:00,86.0,10.0,2024-05-08 12:57:00,2024-05-08 15:13:00,12.0,2024-05-08 13:56:00,2024-05-08 15:25:00,89.0,155.0,158.0,136.0,1.0,5,8,3,204,86,12.8,0.0,11.2,27.8,0.0,29.5,42.94722,-87.89658,32.89595,-97.0372
2024-10-10 00:00:00,OH,5057.0,JAX,PHL,2024-10-10 10:21:00,2024-10-10 10:08:00,-13.0,11.0,2024-10-10 10:19:00,2024-10-10 11:53:00,4.0,2024-10-10 12:30:00,2024-10-10 11:57:00,-33.0,129.0,109.0,94.0,1.0,10,10,4,165,238,25.0,1.6,44.6,10.6,0.0,11.2,30.49406,-81.68786,39.87195,-75.24114
2024-06-30 00:00:00,9E,4897.0,CLT,JFK,2024-06-30 06:33:00,2024-06-30 06:26:00,-7.0,17.0,2024-06-30 06:43:00,2024-06-30 08:08:00,6.0,2024-06-30 08:30:00,2024-06-30 08:14:00,-16.0,117.0,108.0,85.0,1.0,6,30,7,66,166,26.7,0.0,11.2,21.7,0.0,11.2,35.21401,-80.94313,40.63975,-73.77893
2024-10-01 00:00:00,NK,431.0,PDX,LAS,2024-10-01 18:57:00,2024-10-01 18:59:00,2.0,14.0,2024-10-01 19:13:00,2024-10-01 21:00:00,5.0,2024-10-01 21:10:00,2024-10-01 21:05:00,-5.0,133.0,126.0,107.0,1.0,10,1,2,236,174,21.7,0.0,0.0,36.7,0.0,0.0,45.58872,-122.5975,36.08036,-115.15233
2024-10-05 00:00:00,OH,5084.0,PHL,CLE,2024-10-05 20:20:00,2024-10-05 20:36:00,16.0,15.0,2024-10-05 20:51:00,2024-10-05 21:48:00,5.0,2024-10-05 21:55:00,2024-10-05 21:53:00,-2.0,95.0,77.0,57.0,1.0,10,5,6,238,64,25.6,0.0,14.8,19.4,0.0,14.8,39.87195,-75.24114,41.41089,-81.8494
2024-12-18 00:00:00,UA,1691.0,LAX,SFO,2024-12-18 19:05:00,2024-12-18 18:59:00,-6.0,32.0,2024-12-18 19:31:00,2024-12-18 20:23:00,7.0,2024-12-18 20:34:00,2024-12-18 20:30:00,-4.0,89.0,91.0,52.0,1.0,12,18,3,176,278,27.2,0.0,11.2,12.8,0.0,0.0,33.94254,-118.40807,37.619,-122.37484
2024-06-07 00:00:00,OO,4070.0,ONT,SEA,2024-06-07 11:40:00,2024-06-07 11:42:00,2.0,20.0,2024-06-07 12:02:00,2024-06-07 14:17:00,12.0,2024-06-07 14:25:00,2024-06-07 14:29:00,4.0,165.0,167.0,135.0,1.0,6,7,5,227,277,16.1,0.0,0.0,15.0,0.0,14.8,34.056,-117.60119,47.44898,-122.30931
2024-07-28 00:00:00,WN,2590.0,PIT,STL,2024-07-28 20:20:00,2024-07-28 23:19:00,179.0,12.0,2024-07-28 23:31:00,2024-07-28 23:49:00,6.0,2024-07-28 21:05:00,2024-07-28 23:55:00,170.0,105.0,96.0,78.0,1.0,7,28,7,243,294,33.3,0.0,13.0,28.9,0.0,16.6,40.49147,-80.23287,38.74769,-90.35999
2024-09-24 00:00:00,DL,498.0,BUR,ATL,2024-09-24 10:30:00,2024-09-24 10:24:00,-6.0,15.0,2024-09-24 10:39:00,2024-09-24 17:22:00,11.0,2024-09-24 17:55:00,2024-09-24 17:33:00,-22.0,265.0,249.0,223.0,1.0,9,24,2,50,20,17.2,0.0,5.4,32.2,0.0,16.6,34.20062,-118.3585,33.64044,-84.42694
2024-02-29 00:00:00,NK,892.0,LGA,MYR,2024-02-29 05:25:00,2024-02-29 05:43:00,18.0,21.0,2024-02-29 06:04:00,2024-02-29 07:34:00,3.0,2024-02-29 07:28:00,2024-02-29 07:37:00,9.0,123.0,114.0,90.0,1.0,2,29,4,182,220,4.0,0.0,19.0,12.2,0.0,29.5,40.77724,-73.87261,33.67975,-78.92833
2024-08-17 00:00:00,AA,1340.0,DFW,FLL,2024-08-17 07:07:00,2024-08-17 07:01:00,-6.0,13.0,2024-08-17 07:14:00,2024-08-17 10:33:00,4.0,2024-08-17 10:59:00,2024-08-17 10:37:00,-22.0,172.0,156.0,139.0,1.0,8,17,6,86,114,30.6,0.0,22.3,28.3,0.0,7.6,32.89595,-97.0372,26.07258,-80.15275
2024-01-17 00:00:00,UA,1525.0,EWR,LAS,2024-01-17 10:30:00,2024-01-17 11:45:00,75.0,29.0,2024-01-17 12:14:00,2024-01-17 14:44:00,5.0,2024-01-17 13:22:00,2024-01-17 14:49:00,87.0,352.0,364.0,330.0,1.0,1,17,3,106,174,-9.0,0.0,16.6,6.1,0.0,5.4,40.6925,-74.16866,36.08036,-115.15233
2024-10-02 00:00:00,UA,1260.0,SFO,LAX,2024-10-02 06:00:00,2024-10-02 05:53:00,-7.0,24.0,2024-10-02 06:17:00,2024-10-02 07:15:00,17.0,2024-10-02 07:33:00,2024-10-02 07:32:00,-1.0,93.0,99.0,58.0,1.0,10,2,3,278,176,23.3,0.0,0.0,17.2,0.0,0.0,37.619,-122.37484,33.94254,-118.40807
2024-01-25 00:00:00,MQ,3350.0,ECP,DFW,2024-01-25 06:56:00,2024-01-25 06:56:00,0.0,14.0,2024-01-25 07:10:00,2024-01-25 09:11:00,15.0,2024-01-25 09:23:00,2024-01-25 09:26:00,3.0,147.0,150.0,121.0,1.0,1,25,4,96,86,1.1,0.0,0.0,8.9,0.2,5.4,44.865833,-91.484167,32.89595,-97.0372
2024-06-12 00:00:00,OO,6290.0,SAF,DFW,2024-06-12 16:35:00,2024-06-12 16:25:00,-10.0,12.0,2024-06-12 16:37:00,2024-06-12 18:53:00,18.0,2024-06-12 19:25:00,2024-06-12 19:11:00,-14.0,110.0,106.0,76.0,1.0,6,12,3,267,86,29.4,0.0,13.0,32.2,0.0,5.4,35.61678,-106.08814,32.89595,-97.0372
2024-12-15 00:00:00,YX,5775.0,LGA,PWM,2024-12-15 21:29:00,2024-12-15 21:45:00,16.0,16.0,2024-12-15 22:01:00,2024-12-15 22:50:00,6.0,2024-12-15 22:58:00,2024-12-15 22:56:00,-2.0,89.0,71.0,49.0,1.0,12,15,7,182,253,5.0,0.0,11.2,-4.4,0.0,0.0,40.77724,-73.87261,43.64617,-70.30875
2024-10-13 00:00:00,OO,3959.0,BOI,SEA,2024-10-13 17:10:00,2024-10-13 17:07:00,-3.0,11.0,2024-10-13 17:18:00,2024-10-13 17:25:00,10.0,2024-10-13 17:52:00,2024-10-13 17:35:00,-17.0,102.0,88.0,67.0,1.0,10,13,7,38,277,17.8,0.0,7.6,18.9,0.0,7.6,43.56444,-116.22278,47.44898,-122.30931
2024-02-24 00:00:00,WN,313.0,BNA,PHX,2024-02-24 14:00:00,2024-02-24 13:55:00,-5.0,11.0,2024-02-24 14:06:00,2024-02-24 16:46:00,4.0,2024-02-24 17:05:00,2024-02-24 16:50:00,-15.0,245.0,235.0,220.0,1.0,2,24,6,37,239,10.0,0.0,25.9,19.4,0.0,11.2,36.12448,-86.67818,33.43417,-112.00806
2024-09-09 00:00:00,MQ,3540.0,CMH,MIA,2024-09-09 18:51:00,2024-09-09 18:54:00,3.0,13.0,2024-09-09 19:07:00,2024-09-09 21:29:00,18.0,2024-09-09 21:35:00,2024-09-09 21:47:00,12.0,164.0,173.0,142.0,1.0,9,9,1,67,203,26.1,0.0,14.8,30.6,0.0,18.4,39.99799,-82.89188,25.79325,-80.29056
2024-07-10 00:00:00,WN,791.0,BOS,MDW,2024-07-10 06:20:00,2024-07-10 06:19:00,-1.0,21.0,2024-07-10 06:40:00,2024-07-10 07:50:00,7.0,2024-07-10 07:55:00,2024-07-10 07:57:00,2.0,155.0,158.0,130.0,1.0,7,10,3,39,195,24.4,0.0,18.4,20.0,0.8,20.5,42.36435,-71.00518,41.78598,-87.75242
2024-11-21 00:00:00,DL,1638.0,JFK,PBI,2024-11-21 15:45:00,2024-11-21 15:38:00,-7.0,28.0,2024-11-21 16:06:00,2024-11-21 18:49:00,10.0,2024-11-21 18:50:00,2024-11-21 18:59:00,9.0,185.0,201.0,163.0,1.0,11,21,4,166,235,10.0,0.3,24.1,23.9,0.0,16.6,40.63975,-73.77893,26.68316,-80.09559
2024-01-13 00:00:00,YX,3469.0,EWR,SYR,2024-01-13 10:00:00,2024-01-13 09:57:00,-3.0,17.0,2024-01-13 10:14:00,2024-01-13 10:49:00,6.0,2024-01-13 11:24:00,2024-01-13 10:55:00,-29.0,84.0,58.0,35.0,1.0,1,13,6,106,300,11.3,1.8,7.6,2.2,2.5,16.6,40.6925,-74.16866,43.11119,-76.10631
2024-05-18 00:00:00,DL,2974.0,LEX,ATL,2024-05-18 07:28:00,2024-05-18 07:27:00,-1.0,25.0,2024-05-18 07:52:00,2024-05-18 08:50:00,8.0,2024-05-18 08:58:00,2024-05-18 08:58:00,0.0,90.0,91.0,58.0,1.0,5,18,6,180,20,16.1,0.0,0.0,20.0,0.0,5.4,38.03697,-84.60539,33.64044,-84.42694
2024-10-27 00:00:00,B6,349.0,BOS,SAV,2024-10-27 14:10:00,2024-10-27 14:15:00,5.0,26.0,2024-10-27 14:41:00,2024-10-27 16:56:00,4.0,2024-10-27 16:55:00,2024-10-27 17:00:00,5.0,165.0,165.0,135.0,1.0,10,27,7,39,270,8.9,0.0,22.3,27.8,0.0,0.0,42.36435,-71.00518,32.12758,-81.20214
2024-12-04 00:00:00,WN,142.0,DAL,MSY,2024-12-04 12:05:00,2024-12-04 12:01:00,-4.0,22.0,2024-12-04 12:23:00,2024-12-04 13:23:00,4.0,2024-12-04 13:30:00,2024-12-04 13:27:00,-3.0,85.0,86.0,60.0,1.0,12,4,3,81,217,10.0,0.3,0.0,13.3,0.0,11.2,32.84711,-96.85177,29.99339,-90.25803
2024-11-09 00:00:00,DL,403.0,LAX,BOS,2024-11-09 11:50:00,2024-11-09 11:45:00,-5.0,14.0,2024-11-09 11:59:00,2024-11-09 19:51:00,6.0,2024-11-09 20:26:00,2024-11-09 19:57:00,-29.0,336.0,312.0,292.0,1.0,11,9,6,176,39,10.0,0.0,5.4,10.6,0.0,22.3,33.94254,-118.40807,42.36435,-71.00518
2024-10-01 00:00:00,MQ,3532.0,DFW,RAP,2024-10-01 14:42:00,2024-10-01 14:39:00,-3.0,18.0,2024-10-01 14:57:00,2024-10-01 15:55:00,2.0,2024-10-01 16:06:00,2024-10-01 15:57:00,-9.0,144.0,138.0,118.0,1.0,10,1,2,86,254,29.4,0.0,16.6,16.7,0.0,33.5,32.89595,-97.0372,44.04532,-103.05737
2024-07-26 00:00:00,DL,2303.0,BOS,MSP,2024-07-26 06:05:00,2024-07-26 05:56:00,-9.0,29.0,2024-07-26 06:25:00,2024-07-26 08:05:00,3.0,2024-07-26 08:20:00,2024-07-26 08:08:00,-12.0,195.0,192.0,160.0,1.0,7,26,5,39,216,20.6,0.0,14.8,19.4,0.0,18.4,42.36435,-71.00518,44.88055,-93.21692
2024-05-23 00:00:00,AA,2627.0,PHX,IND,2024-05-23 15:52:00,2024-05-23 17:13:00,81.0,26.0,2024-05-23 17:39:00,2024-05-23 23:27:00,5.0,2024-05-23 22:17:00,2024-05-23 23:32:00,75.0,205.0,199.0,168.0,1.0,5,23,4,239,157,28.3,0.0,9.4,25.6,0.0,9.4,33.43417,-112.00806,39.71733,-86.29438
2024-01-19 00:00:00,UA,1812.0,IAD,IAH,2024-01-19 17:35:00,2024-01-19 20:08:00,153.0,40.0,2024-01-19 20:48:00,2024-01-19 22:45:00,8.0,2024-01-19 20:12:00,2024-01-19 22:53:00,161.0,217.0,225.0,177.0,1.0,1,19,5,149,151,-0.6,0.4,14.8,13.3,0.0,22.3,38.94453,-77.45581,29.98047,-95.33972
2024-12-19 00:00:00,DL,1851.0,SJU,BOS,2024-12-19 17:40:00,2024-12-19 17:34:00,-6.0,22.0,2024-12-19 17:56:00,2024-12-19 20:26:00,11.0,2024-12-19 21:03:00,2024-12-19 20:37:00,-26.0,263.0,243.0,210.0,1.0,12,19,4,285,39,27.2,0.1,20.5,4.4,0.0,14.8,18.43942,-66.00183,42.36435,-71.00518
2024-07-11 00:00:00,DL,3108.0,ATL,DAY,2024-07-11 08:55:00,2024-07-11 08:54:00,-1.0,10.0,2024-07-11 09:04:00,2024-07-11 10:07:00,4.0,2024-07-11 10:25:00,2024-07-11 10:11:00,-14.0,90.0,77.0,63.0,1.0,7,11,4,20,82,20.6,0.0,7.6,16.7,0.0,7.6,33.64044,-84.42694,39.90238,-84.21938
2024-08-26 00:00:00,AA,2151.0,DFW,CAE,2024-08-26 19:11:00,2024-08-26 19:06:00,-5.0,14.0,2024-08-26 19:20:00,2024-08-26 22:17:00,5.0,2024-08-26 22:44:00,2024-08-26 22:22:00,-22.0,153.0,136.0,117.0,1.0,8,26,1,86,53,34.4,0.0,9.4,31.1,0.0,5.4,32.89595,-97.0372,33.93884,-81.11954
2024-11-16 00:00:00,UA,2249.0,DEN,PHX,2024-11-16 16:15:00,2024-11-16 16:11:00,-4.0,14.0,2024-11-16 16:25:00,2024-11-16 18:15:00,3.0,2024-11-16 18:16:00,2024-11-16 18:18:00,2.0,121.0,127.0,110.0,1.0,11,16,6,85,239,8.9,0.0,16.6,15.0,0.0,7.6,39.85841,-104.667,33.43417,-112.00806
2024-06-23 00:00:00,AA,543.0,MIA,PHL,2024-06-23 20:10:00,2024-06-23 20:04:00,-6.0,28.0,2024-06-23 20:32:00,2024-06-23 22:50:00,100.0,2024-06-23 23:04:00,2024-06-23 00:30:00,86.0,174.0,266.0,138.0,1.0,6,23,7,203,238,30.0,0.0,16.6,25.0,1.8,22.3,25.79325,-80.29056,39.87195,-75.24114
2024-09-02 00:00:00,MQ,3737.0,BOS,CMH,2024-09-02 11:45:00,2024-09-02 11:37:00,-8.0,11.0,2024-09-02 11:48:00,2024-09-02 13:37:00,11.0,2024-09-02 13:58:00,2024-09-02 13:48:00,-10.0,133.0,131.0,109.0,1.0,9,2,1,39,67,21.1,0.0,22.3,18.9,0.0,13.0,42.36435,-71.00518,39.99799,-82.89188
2024-07-04 00:00:00,AA,990.0,PHX,ELP,2024-07-04 19:00:00,2024-07-04 18:52:00,-8.0,11.0,2024-07-04 19:03:00,2024-07-04 20:58:00,4.0,2024-07-04 21:17:00,2024-07-04 21:02:00,-15.0,77.0,70.0,55.0,1.0,7,4,4,239,100,40.6,0.0,7.6,35.6,0.0,18.4,33.43417,-112.00806,31.80667,-106.37781
2024-02-06 00:00:00,WN,1702.0,SMF,PHX,2024-02-06 09:30:00,2024-02-06 09:29:00,-1.0,9.0,2024-02-06 09:38:00,2024-02-06 12:13:00,4.0,2024-02-06 12:25:00,2024-02-06 12:17:00,-8.0,115.0,108.0,95.0,1.0,2,6,2,287,239,10.6,0.0,0.0,16.1,0.0,5.4,38.69542,-121.59077,33.43417,-112.00806
2024-05-27 00:00:00,AA,2634.0,PHX,SBA,2024-05-27 20:24:00,2024-05-27 20:21:00,-3.0,15.0,2024-05-27 20:36:00,2024-05-27 21:45:00,2.0,2024-05-27 21:56:00,2024-05-27 21:47:00,-9.0,92.0,86.0,69.0,1.0,5,27,1,239,271,36.7,0.0,5.4,18.3,0.0,11.2,33.43417,-112.00806,34.42621,-119.84037
2024-04-08 00:00:00,NK,966.0,IAH,MCO,2024-04-08 21:10:00,2024-04-08 23:09:00,119.0,11.0,2024-04-08 23:20:00,2024-04-08 02:03:00,10.0,2024-04-08 00:34:00,2024-04-08 02:13:00,99.0,144.0,124.0,103.0,1.0,4,8,1,151,193,26.1,0.0,14.8,18.3,0.0,18.4,29.98047,-95.33972,28.42889,-81.31603
2024-12-02 00:00:00,NK,887.0,LAX,SJC,2024-12-02 06:40:00,2024-12-02 06:34:00,-6.0,9.0,2024-12-02 06:43:00,2024-12-02 07:31:00,11.0,2024-12-02 07:55:00,2024-12-02 07:42:00,-13.0,75.0,68.0,48.0,1.0,12,2,1,176,283,14.4,0.0,5.4,13.3,0.0,0.0,33.94254,-118.40807,37.36186,-121.92901
2024-09-07 00:00:00,WN,4663.0,ATL,LGA,2024-09-07 06:25:00,2024-09-07 06:24:00,-1.0,22.0,2024-09-07 06:46:00,2024-09-07 08:29:00,5.0,2024-09-07 08:35:00,2024-09-07 08:34:00,-1.0,130.0,130.0,103.0,1.0,9,7,6,20,182,20.0,0.0,5.4,20.6,0.0,0.0,33.64044,-84.42694,40.77724,-73.87261
2024-05-04 00:00:00,YX,4352.0,IND,DCA,2024-05-04 09:20:00,2024-05-04 09:14:00,-6.0,14.0,2024-05-04 09:28:00,2024-05-04 10:48:00,11.0,2024-05-04 11:00:00,2024-05-04 10:59:00,-1.0,100.0,105.0,80.0,1.0,5,4,6,157,84,16.7,0.0,7.6,12.2,0.3,7.6,39.71733,-86.29438,38.85208,-77.03772
2024-12-20 00:00:00,AA,2635.0,DFW,ONT,2024-12-20 12:35:00,2024-12-20 12:30:00,-5.0,13.0,2024-12-20 12:43:00,2024-12-20 13:16:00,6.0,2024-12-20 13:58:00,2024-12-20 13:22:00,-36.0,203.0,172.0,153.0,1.0,12,20,5,86,227,6.1,0.0,16.6,10.6,0.0,0.0,32.89595,-97.0372,34.056,-117.60119
2024-07-31 00:00:00,WN,3108.0,HOU,VPS,2024-07-31 15:40:00,2024-07-31 17:02:00,82.0,11.0,2024-07-31 17:13:00,2024-07-31 18:31:00,5.0,2024-07-31 17:20:00,2024-07-31 18:36:00,76.0,100.0,94.0,78.0,1.0,7,31,3,143,316,33.3,0.0,20.5,31.0,0.5,7.6,29.64542,-95.27889,30.48325,-86.5254
2024-08-13 00:00:00,WN,827.0,TPA,BDL,2024-08-13 11:15:00,2024-08-13 11:11:00,-4.0,13.0,2024-08-13 11:24:00,2024-08-13 13:48:00,7.0,2024-08-13 14:05:00,2024-08-13 13:55:00,-10.0,170.0,164.0,144.0,1.0,8,13,2,303,26,27.8,0.0,0.0,24.4,0.0,13.0,27.97547,-82.53325,41.93887,-72.68323
2024-05-27 00:00:00,AS,641.0,TUS,SEA,2024-05-27 16:24:00,2024-05-27 16:20:00,-4.0,18.0,2024-05-27 16:38:00,2024-05-27 19:15:00,9.0,2024-05-27 19:38:00,2024-05-27 19:24:00,-14.0,194.0,184.0,157.0,1.0,5,27,1,307,277,29.4,0.0,5.4,18.9,0.0,14.8,32.11608,-110.94103,47.44898,-122.30931
2024-08-04 00:00:00,AS,70.0,JNU,SIT,2024-08-04 21:49:00,2024-08-04 21:33:00,-16.0,21.0,2024-08-04 21:54:00,2024-08-04 22:14:00,5.0,2024-08-04 22:29:00,2024-08-04 22:19:00,-10.0,40.0,46.0,20.0,1.0,8,4,7,169,282,26.7,0.0,20.5,23.9,0.0,9.4,58.35496,-134.57628,57.04714,-135.3616
2024-05-29 00:00:00,9E,5140.0,ROC,LGA,2024-05-29 11:55:00,2024-05-29 11:51:00,-4.0,15.0,2024-05-29 12:06:00,2024-05-29 13:00:00,6.0,2024-05-29 13:20:00,2024-05-29 13:06:00,-14.0,85.0,75.0,54.0,1.0,5,29,3,263,182,15.0,0.0,13.0,20.0,0.0,9.4,43.11887,-77.67238,40.77724,-73.87261
2024-01-24 00:00:00,AA,2688.0,RDU,CLT,2024-01-24 13:31:00,2024-01-24 15:36:00,125.0,14.0,2024-01-24 15:50:00,2024-01-24 16:28:00,4.0,2024-01-24 14:41:00,2024-01-24 16:32:00,111.0,70.0,56.0,38.0,1.0,1,24,3,257,66,13.9,0.0,9.4,8.9,1.3,0.0,35.87764,-78.78747,35.21401,-80.94313
2024-06-10 00:00:00,DL,2479.0,SAT,DTW,2024-06-10 16:24:00,2024-06-10 16:16:00,-8.0,30.0,2024-06-10 16:46:00,2024-06-10 20:21:00,6.0,2024-06-10 20:37:00,2024-06-10 20:27:00,-10.0,193.0,191.0,155.0,1.0,6,10,1,269,93,25.6,0.0,18.4,20.0,0.0,13.0,29.53369,-98.46978,42.21206,-83.34884
2024-06-20 00:00:00,WN,2987.0,RDU,DAL,2024-06-20 14:20:00,2024-06-20 14:30:00,10.0,7.0,2024-06-20 14:37:00,2024-06-20 15:47:00,5.0,2024-06-20 16:00:00,2024-06-20 15:52:00,-8.0,160.0,142.0,130.0,1.0,6,20,4,257,81,26.7,0.0,5.4,30.6,0.0,7.6,35.87764,-78.78747,32.84711,-96.85177
2024-06-21 00:00:00,DL,307.0,ATL,SEA,2024-06-21 14:00:00,2024-06-21 13:59:00,-1.0,13.0,2024-06-21 14:12:00,2024-06-21 16:00:00,8.0,2024-06-21 16:20:00,2024-06-21 16:08:00,-12.0,320.0,309.0,288.0,1.0,6,21,5,20,277,26.1,0.0,0.0,20.6,0.0,13.0,33.64044,-84.42694,47.44898,-122.30931
2024-08-06 00:00:00,OO,4023.0,ATL,LFT,2024-08-06 15:24:00,2024-08-06 17:16:00,112.0,18.0,2024-08-06 17:34:00,2024-08-06 17:48:00,5.0,2024-08-06 16:12:00,2024-08-06 17:53:00,101.0,108.0,97.0,74.0,1.0,8,6,2,20,181,27.8,0.0,7.6,35.0,0.0,7.6,33.64044,-84.42694,30.20528,-91.98766
2024-10-19 00:00:00,OO,5841.0,DEN,OKC,2024-10-19 20:50:00,2024-10-19 22:25:00,95.0,15.0,2024-10-19 22:40:00,2024-10-19 00:52:00,5.0,2024-10-19 23:37:00,2024-10-19 00:57:00,80.0,107.0,92.0,72.0,1.0,10,19,6,85,224,17.2,0.0,25.9,19.4,0.0,11.2,39.85841,-104.667,35.39309,-97.60073
2024-12-15 00:00:00,OH,5490.0,DFW,JAN,2024-12-15 14:25:00,2024-12-15 14:18:00,-7.0,14.0,2024-12-15 14:32:00,2024-12-15 15:28:00,5.0,2024-12-15 15:51:00,2024-12-15 15:33:00,-18.0,86.0,75.0,56.0,1.0,12,15,7,86,164,13.9,0.0,0.0,20.6,0.0,18.4,32.89595,-97.0372,32.31117,-90.07589
2024-11-24 00:00:00,F9,1665.0,BWI,MIA,2024-11-24 11:47:00,2024-11-24 13:52:00,125.0,42.0,2024-11-24 14:34:00,2024-11-24 16:42:00,6.0,2024-11-24 14:41:00,2024-11-24 16:48:00,127.0,174.0,176.0,128.0,1.0,11,24,7,51,203,9.4,0.0,14.8,22.8,0.0,9.4,39.1754,-76.6682,25.79325,-80.29056
